year,female,age,urban,edu,v01_wt_median,v02_wt_median,v05_wt_median,v06_wt_median,v10_wt_median,v15_wt_median,v16_wt_median,v23_wt_median,v36_wt_median,v41_wt_median,v57_wt_median
1995,0,2,0,1,59.269226,82.058281,15.194007,9.2723961,9.125783,66.430031,16.807707,45.525459,504.67523,2078.2097,62.299797
1995,0,2,0,2,86.460823,121.47012,19.260935,8.2028751,16.940714,66.882935,23.677019,48.584412,569.05219,1841.1045,96.280067
1995,0,2,0,3,104.05848,130.91714,27.786747,13.023443,21.386442,60.464706,38.652252,51.218899,667.36273,2117.2214,140.07295
1995,0,2,0,999,77.202148,104.81809,19.062456,9.6766424,14.15659,65.377876,23.457424,47.674648,558.534,2008.3008,89.098114
1995,0,2,1,1,79.011703,81.273117,18.734449,9.5586882,13.322535,87.155083,29.644144,53.589714,596.5249,2059.47,96.977966
1995,0,2,1,2,111.13949,106.39639,22.921204,8.4971695,22.366829,91.597046,48.178192,59.448074,724.03369,2141.9316,172.70259
1995,0,2,1,3,121.64755,102.61225,28.472118,12.318439,27.165894,94.014153,80.406364,63.402756,877.55847,2528.9248,255.18475
1995,0,2,1,999,102.71079,96.202728,23.078051,10.026967,20.546688,90.721161,51.170513,58.52309,724.14868,2228.3711,170.16144
1995,0,2,999,1,66.065788,81.787971,16.412842,9.3709545,10.57056,73.564857,21.226788,48.301666,536.29547,2071.7583,74.238129
1995,0,2,999,2,96.700577,115.21568,20.779665,8.3249846,19.192137,77.137398,33.843128,53.091999,633.3576,1965.9247,127.98956
1995,0,2,999,3,112.95026,116.60822,28.133221,12.667044,24.308119,77.424904,59.760139,57.378185,773.62262,2325.3491,198.26523
1995,0,2,999,999,87.576706,101.31416,20.695629,9.8191223,16.755491,75.685181,34.72855,52.086792,625.89075,2097.8049,122.06718
1995,0,7,0,1,73.82753,143.45718,30.0539,7.3860211,24.517422,189.33154,19.658052,46.620598,438.0809,1671.9152,62.755169
1995,0,7,0,2,101.3866,190.27943,33.795982,6.6911325,45.038925,191.87425,26.751245,49.022923,456.69055,1522.6836,90.080032
1995,0,7,0,3,116.0282,194.88023,51.500492,10.841531,54.514935,174.59418,43.50943,51.667046,520.77869,1744.1418,126.48466
1995,0,7,0,999,92.095078,170.18282,35.875706,7.8862925,37.816795,187.05598,27.121437,48.50378,461.9397,1636.9358,85.520821
1995,0,7,1,1,93.74128,136.75485,37.920494,7.6117406,33.852295,230.46791,36.177464,54.262165,501.42239,1691.5646,96.371346
1995,0,7,1,2,117.71674,157.75543,40.452568,7.3152776,53.721333,241.58606,57.555851,59.254677,569.12286,1802.0961,157.13203
1995,0,7,1,3,118.75511,140.22115,48.261047,11.235831,60.311104,245.77702,93.48864,63.581764,684.76538,2147.6858,222.01396
1995,0,7,1,999,109.7428,145.05554,41.996136,8.6327553,48.888515,239.03778,61.293583,58.868103,581.53314,1870.9424,156.21391
1995,0,7,999,1,80.787392,141.11472,32.803276,7.4649105,27.779961,203.70871,25.431587,49.291325,460.21878,1678.7827,74.504028
1995,0,7,999,2,108.1839,176.74156,36.566734,6.9509282,48.652912,212.56642,39.573433,53.281815,503.48965,1638.9869,117.98993
1995,0,7,999,3,117.40428,167.29753,49.865768,11.040507,57.439865,210.51529,68.730522,57.679588,603.53156,1947.7828,174.69177
1995,0,7,999,999,99.355148,159.84573,38.393585,8.1933794,42.371578,208.4407,41.179474,52.767548,511.1391,1733.2035,114.60316
1995,0,12,0,1,68.410843,152.19283,32.99971,6.7102823,26.130579,233.19693,17.531565,46.447292,415.19302,1605.0405,55.718231
1995,0,12,0,2,91.261734,189.56322,36.26936,6.0608478,47.482597,247.29393,24.051971,49.090302,428.27319,1503.2726,79.560913
1995,0,12,0,3,103.05293,190.17722,54.789928,8.8123465,58.260235,228.87386,38.791813,51.861771,485.1463,1736.5424,110.98592
1995,0,12,0,999,83.494705,172.88269,38.745083,6.9393258,40.173862,237.0271,24.259672,48.491905,434.50824,1598.7618,75.53154
1995,0,12,1,1,85.94783,143.39682,41.991745,6.854353,37.170406,283.8616,32.653866,54.198952,473.20877,1640.6165,85.009384
1995,0,12,1,2,104.73468,156.18117,43.485153,6.3480792,58.591362,304.29721,51.123474,59.446106,529.81799,1791.3204,135.67537
1995,0,12,1,3,104.48505,139.14456,50.014507,8.7116032,66.586212,307.53381,80.05899,63.499432,627.77966,2129.2178,187.24652
1995,0,12,1,999,98.284195,146.4567,45.043903,7.267365,53.855251,298.39026,54.011848,58.948612,541.60437,1847.0865,134.80405
1995,0,12,999,1,74.641693,149.06761,36.194561,6.7614703,30.053003,251.19797,22.904484,49.201439,435.80588,1617.6805,66.125313
1995,0,12,999,2,97.023842,175.28641,39.355404,6.183691,52.233589,271.67307,35.629894,53.519268,471.70181,1626.4647,103.55991
1995,0,12,999,3,103.7982,163.62007,52.304825,8.7599201,62.593029,269.80811,60.26704,57.91795,559.37201,1940.8887,150.67155
1995,0,12,999,999,89.740303,161.72299,41.405075,7.0778565,45.951511,262.94077,36.824013,52.907772,479.73492,1703.6293,100.56232
1995,0,17,0,1,67.043945,162.17516,33.885757,6.7100368,26.690647,217.70456,15.640706,46.475128,404.4357,1592.8892,48.871456
1995,0,17,0,2,87.918037,197.25082,36.324528,5.9973946,48.044083,231.50674,21.101824,49.111263,414.41495,1515.0582,68.733963
1995,0,17,0,3,98.631721,197.11856,54.427376,7.9205284,59.12928,217.05862,33.599113,51.960182,466.70087,1755.6593,95.270432
1995,0,17,0,999,81.046982,181.75403,39.193108,6.7306533,41.04258,222.27235,21.416306,48.56945,421.40573,1601.8004,65.756294
1995,0,17,1,1,83.66758,151.35846,43.040646,6.7992477,38.508053,273.78668,29.363033,54.258221,461.37616,1645.4523,74.785469
1995,0,17,1,2,100.67675,161.90817,43.333309,6.1534595,60.061344,294.91159,44.610443,59.480629,513.00336,1833.0659,117.32495
1995,0,17,1,3,99.960922,145.89461,49.143791,7.6466966,68.551178,299.42932,68.47007,63.693634,602.04999,2172.9004,160.13
1995,0,17,1,999,94.862297,153.26059,45.118614,6.8489089,55.736115,289.44083,47.331455,59.130669,524.89069,1881.5223,117.22256
1995,0,17,999,1,73.013176,158.29109,37.173103,6.7420707,30.934053,237.84258,20.568132,49.26989,424.88193,1611.7637,58.176685
1995,0,17,999,2,93.459816,181.89964,39.368813,6.0651817,53.263813,259.04681,31.312857,53.615227,457.23712,1653.1858,89.839592
1995,0,17,999,3,99.333565,170.07143,51.637554,7.7759404,64.104202,260.55179,52.011578,58.155647,538.16754,1975.9697,129.51741
1995,0,17,999,999,86.980263,169.51691,41.737942,6.7814407,47.353031,251.11929,32.546124,53.105194,465.84955,1721.933,87.859596
1995,0,22,0,1,68.639198,178.16434,33.122944,6.8826184,28.513086,176.27345,13.756702,46.058186,393.20148,1575.2372,41.994892
1995,0,22,0,2,88.929886,216.66771,34.373798,5.9697986,50.321125,181.16873,17.603888,48.345196,397.68121,1515.703,56.944561
1995,0,22,0,3,99.611443,218.15733,50.818481,7.3206434,61.198589,171.34485,27.683926,51.222542,445.2175,1747.6958,78.3228
1995,0,22,0,999,82.81073,200.77724,37.593384,6.6623526,43.607018,176.86696,18.278919,48.036766,406.62384,1593.6563,55.513935
1995,0,22,1,1,85.158272,165.47421,42.131001,7.0043659,40.175835,233.01682,26.042336,53.774601,451.24057,1653.8004,65.025009
1995,0,22,1,2,101.96365,177.82426,41.67654,6.1628695,61.696869,249.85803,38.343815,58.790581,499.49109,1877.884,100.76418
1995,0,22,1,3,101.34702,161.84523,47.404835,7.1530418,70.012573,257.79797,58.55014,63.452389,584.42859,2226.4675,137.23561
1995,0,22,1,999,96.499847,168.63701,43.726952,6.7560191,57.733078,247.23338,41.225819,58.774025,512.68793,1923.8885,101.73077
1995,0,22,999,1,74.580795,173.59993,36.362972,6.9264083,32.707954,196.68297,18.175613,48.833633,414.07703,1603.4948,50.278389
1995,0,22,999,2,94.574615,199.84517,37.53651,6.0534148,55.247795,210.91707,26.586048,52.868938,441.77359,1672.5583,75.922203
1995,0,22,999,3,100.52305,188.57965,49.025478,7.2326112,65.828094,216.75397,43.896267,57.646214,518.33752,1999.1686,109.26649
1995,0,22,999,999,88.707405,186.93263,40.235455,6.7027001,49.691906,207.17772,28.163437,52.661907,452.31158,1735.9058,75.422119
1995,0,27,0,1,70.706429,190.81131,33.022552,7.2759738,28.884455,141.36613,12.808511,46.072956,390.48804,1580.978,37.586731
1995,0,27,0,2,90.820518,231.37807,33.594257,6.2662106,50.009228,143.0542,16.060146,48.41782,394.13928,1551.7783,50.043518
1995,0,27,0,3,101.66835,233.26221,48.827122,7.2762008,60.766525,139.02884,25.177963,51.814392,442.33328,1797.2186,68.969032
1995,0,27,0,999,85.167946,215.26469,36.95166,6.9164295,43.922798,141.41634,16.882261,48.261406,404.00949,1621.5525,49.420414
1995,0,27,1,1,87.528542,176.27072,42.428467,7.3686275,40.692913,195.95857,24.692751,54.011543,450.55237,1685.7065,59.058468
1995,0,27,1,2,104.81236,189.66539,41.244526,6.4787817,61.628506,210.87814,35.816399,59.164726,501.31152,1952.5887,91.027466
1995,0,27,1,3,103.99422,173.40904,46.436005,7.1831493,69.716141,223.88435,54.325554,64.123283,587.7699,2318.2195,123.61016
1995,0,27,1,999,99.333015,180.06337,43.380383,6.9879122,58.103794,210.8492,38.81575,59.314568,515.68298,1997.6571,92.581322
1995,0,27,999,1,76.812645,185.53326,36.436779,7.3096061,33.170776,161.1825,17.122341,48.954563,412.29065,1618.9932,45.380703
1995,0,27,999,2,96.924255,213.18152,36.931576,6.3589416,55.077972,172.64142,24.67853,53.106003,440.89163,1726.6261,67.92218
1995,0,27,999,3,102.89944,201.58183,47.561501,7.2269487,65.503571,183.94299,40.605827,58.32951,519.31311,2072.9851,97.890663
1995,0,27,999,999,91.344658,199.91508,39.754917,6.9475999,50.106449,171.69267,26.446405,53.081161,452.70496,1785.5537,68.240814
1995,0,32,0,1,72.104233,195.37733,34.564056,8.0271845,27.62499,119.33213,12.778744,46.405506,398.11819,1619.2472,36.109589
1995,0,32,0,2,92.458267,235.50735,35.038074,7.0602279,47.627136,122.23169,16.105667,49.275917,405.79977,1620.3651,48.535931
1995,0,32,0,3,102.96371,235.35652,52.030346,7.9070044,58.555538,122.50876,25.622473,53.14072,459.95782,1904.614,68.064552
1995,0,32,0,999,86.828606,219.34091,38.974384,7.6545377,42.241638,121.13354,17.079752,49.060814,415.86536,1688.95,48.284134
1995,0,32,1,1,89.576569,179.95372,44.208168,8.0396481,40.237755,170.30103,24.39854,54.798946,460.54892,1746.9502,57.130531
1995,0,32,1,2,107.67522,193.31737,42.377098,7.0832124,60.741207,185.72041,35.204082,60.472897,516.81561,2068.9551,88.392548
1995,0,32,1,3,105.55513,177.28214,46.838428,7.5282702,69.252739,199.62273,52.778351,65.917122,605.01227,2454.8896,119.19946
1995,0,32,1,999,101.73949,183.70131,44.513557,7.5173311,57.963776,186.34464,38.474049,60.821411,532.64362,2116.5701,90.605965
1995,0,32,999,1,78.538925,189.69713,38.115776,8.0317745,32.270004,138.10289,17.058069,49.496632,421.11008,1666.2775,43.851158
1995,0,32,999,2,99.290169,216.56549,38.33305,7.0705476,53.514912,150.73598,24.680206,54.302982,455.64212,1821.7667,66.430199
1995,0,32,999,3,104.38876,203.4207,49.175247,7.6987343,64.438065,164.9147,40.555832,60.166626,539.7251,2207.2175,96.184288
1995,0,32,999,999,93.548752,203.27864,41.470818,7.592701,49.327396,150.52332,26.721878,54.361164,468.49579,1881.6727,67.358025
1995,0,37,0,1,73.192177,197.23943,35.374405,8.9191036,26.325262,102.94601,12.784864,46.89143,407.11938,1660.1747,35.702721
1995,0,37,0,2,94.050087,237.32047,36.012199,7.858541,45.393669,106.31236,16.235163,50.025227,417.97351,1689.6633,48.636898
1995,0,37,0,3,104.59577,236.19266,52.812141,8.3806696,56.764709,108.56229,25.898518,54.454464,475.7435,2006.6084,68.974762
1995,0,37,0,999,88.377625,221.09903,39.937263,8.4102163,40.638214,105.53313,17.266531,49.880566,428.02603,1756.7704,48.551487
1995,0,37,1,1,91.519402,182.4003,44.790821,8.767148,39.712616,150.06392,24.068607,55.582993,470.5513,1808.9144,56.439342
1995,0,37,1,2,110.8597,197.07701,42.450184,7.5895319,60.100582,163.91853,34.346249,61.621346,529.04767,2172.4839,87.268326
1995,0,37,1,3,108.24545,182.67957,46.674034,7.7270885,69.150337,176.09737,50.840984,67.071281,616.88202,2569.1187,117.05978
1995,0,37,1,999,104.58491,187.62959,44.684509,7.9634371,57.942089,164.72749,37.762325,62.027504,546.20801,2222.7927,90.084312
1995,0,37,999,1,79.997269,191.72949,38.870819,8.8626814,31.296129,120.44139,16.974638,50.118698,430.67233,1715.4033,43.402447
1995,0,37,999,2,101.76524,218.84982,38.967056,7.7350731,52.143745,132.75203,24.547659,55.34753,468.95355,1911.2648,66.367676
1995,0,37,999,3,106.66119,205.90849,49.338459,8.0107946,63.773991,146.78177,40.013973,61.594582,555.6167,2324.9443,96.187057
1995,0,37,999,999,95.867119,205.63258,42.131001,8.2037563,48.634457,132.88725,26.737778,55.493752,482.63873,1972.1224,67.744095
1995,0,42,0,1,74.353218,206.60031,34.333126,9.2804031,26.435961,85.824448,12.177304,46.631783,405.71109,1662.1853,34.335716
1995,0,42,0,2,95.627205,250.00818,34.440117,7.973033,45.060589,86.287674,14.923263,49.398537,414.11404,1701.2167,46.046654
1995,0,42,0,3,106.91016,250.40717,49.496796,8.0700064,56.03606,88.986229,23.584639,54.067616,470.76071,2020.4296,65.398361
1995,0,42,0,999,90.285736,233.33504,38.24184,8.5030184,40.664478,86.79744,16.072819,49.521061,425.32526,1767.609,46.460293
1995,0,42,1,1,93.617867,191.90039,43.692276,9.0751944,39.72295,129.17508,22.92276,55.318077,470.3092,1828.3213,54.817341
1995,0,42,1,2,114.15231,209.45779,41.206394,7.6704206,59.451241,139.74115,31.973398,61.4109,528.34552,2220.9883,84.411827
1995,0,42,1,3,112.44582,196.03976,44.455624,7.552002,68.256104,151.26436,47.202801,67.029236,615.06128,2629.7192,113.75648
1995,0,42,1,999,108.05968,199.67068,43.108662,7.9972029,57.595825,141.35329,35.405659,61.94762,546.16632,2273.4333,87.805412
1995,0,42,999,1,81.49678,201.14941,37.803612,9.2043095,31.362938,101.89938,16.161848,49.852768,429.66486,1723.7906,41.93055
1995,0,42,999,2,104.11391,231.43124,37.539879,7.8344002,51.653225,110.77576,22.734262,54.90163,466.44571,1939.3341,63.622486
1995,0,42,999,3,110.02794,219.78641,46.657509,7.7782564,62.918613,124.06245,36.886833,61.367844,552.03351,2363.593,92.634567
1995,0,42,999,999,98.502792,217.7717,40.491817,8.2691746,48.491993,112.0191,25.010567,55.265972,481.19116,2001.4562,65.574516
1995,0,47,0,1,74.676224,204.17827,34.811214,9.9437542,25.286263,77.151474,12.72071,47.111465,417.23633,1707.5546,35.254894
1995,0,47,0,2,97.293816,247.2869,35.120461,8.453187,43.25547,78.554214,15.762019,50.356293,430.90894,1777.163,48.62101
1995,0,47,0,3,108.21943,247.60023,45.268272,8.1225138,54.233738,82.09845,24.408644,55.238602,489.96649,2118.6523,68.527939
1995,0,47,0,999,91.427185,230.78783,37.632355,8.9407578,39.190338,78.933548,16.833929,50.374023,440.961,1838.922,48.641071
1995,0,47,1,1,94.720642,189.91559,43.470333,9.5217047,39.608334,119.02681,23.312706,55.91124,484.3299,1897.0389,57.241161
1995,0,47,1,2,116.7948,207.93523,41.352325,7.7278595,58.570377,127.29318,32.094185,62.542213,549.56555,2353.7224,89.065308
1995,0,47,1,3,114.80941,198.4597,41.825977,7.1922836,66.892426,135.78595,46.270618,67.959724,630.23352,2735.7529,116.13966
1995,0,47,1,999,110.46057,199.66957,42.071659,7.9680142,57.080132,128.56032,35.471188,63.008987,564.94196,2389.3843,91.728683
1995,0,47,999,1,82.192413,198.83011,38.058182,9.7854958,30.656704,92.853745,16.692459,50.411175,442.39484,1778.6068,43.499226
1995,0,47,999,2,106.60176,228.50414,38.094967,8.1069841,50.565369,101.81761,23.557457,56.172707,487.54446,2052.3582,67.925308
1995,0,47,999,3,112.05706,218.98352,43.263672,7.5807996,61.60545,113.36305,37.139839,62.646675,571.65021,2478.0173,96.254356
1995,0,47,999,999,100.53407,215.8987,39.756424,8.4753304,47.750053,102.67843,25.751284,56.419468,500.28204,2102.3013,69.257164
1995,0,52,0,1,74.244049,201.93419,35.781345,10.301495,24.167257,69.942719,12.879253,47.329826,426.31595,1715.6583,36.313126
1995,0,52,0,2,97.837563,245.71742,36.142105,8.8057423,41.12775,71.068542,15.857875,50.634682,440.87183,1792.0171,49.715492
1995,0,52,0,3,109.66717,248.21896,49.246338,8.3034458,51.678196,73.891396,24.017689,55.36758,497.79645,2136.0847,69.08831
1995,0,52,0,999,91.654549,229.29176,39.337456,9.2607718,37.204014,71.348419,16.774338,50.55162,449.69061,1849.8489,49.424274
1995,0,52,1,1,95.314232,189.29765,44.424957,9.8467045,38.332684,109.17984,23.143848,55.917072,493.76352,1912.4763,58.445042
1995,0,52,1,2,119.67209,209.20386,42.520451,7.8779025,56.677074,116.06551,31.724033,62.608597,560.14954,2387.3086,90.352821
1995,0,52,1,3,118.69405,202.11565,44.489483,7.1703415,64.716225,122.92471,45.337807,67.976273,638.74542,2773.2942,116.94302
1995,0,52,1,999,113.06434,201.36876,43.769871,8.1074295,55.098473,116.9604,34.800858,62.975647,573.6037,2415.3269,92.488319
1995,0,52,999,1,82.102165,197.22141,39.004978,10.131881,29.450247,84.576187,16.70743,50.532436,451.47049,1789.0615,44.567215
1995,0,52,999,2,108.23926,228.32281,39.180668,8.3637314,48.535252,92.504532,23.416313,56.338905,497.69421,2075.6064,69.0746
1995,0,52,999,3,114.89886,221.49895,46.489414,7.6467338,59.234627,102.30956,36.374157,62.675182,579.48602,2505.3914,96.823395
1995,0,52,999,999,101.83359,216.01611,41.444798,8.712429,45.711727,93.034103,25.344835,56.458481,508.60364,2118.6987,69.898575
1995,0,57,0,1,74.047638,203.59113,37.218605,10.024864,24.433414,62.165913,12.696818,47.3993,430.3295,1702.3925,37.712528
1995,0,57,0,2,98.538094,246.23781,37.086559,8.5859241,41.035023,61.691113,15.664124,50.97757,447.00977,1818.2377,51.810448
1995,0,57,0,3,109.63525,246.90701,52.695614,8.109086,51.506611,62.137012,23.455944,55.657982,504.73914,2167.1128,73.658958
1995,0,57,0,999,92.263397,230.35896,41.280029,9.0010996,37.564411,61.988251,16.615435,50.872864,456.05515,1867.2382,52.302723
1995,0,57,1,1,95.472717,191.23799,45.4333,9.5019064,39.024887,96.260208,22.758097,56.060364,501.19632,1932.9662,61.555805
1995,0,57,1,2,121.17222,211.10272,42.521172,7.6188006,56.701168,99.771439,31.038485,62.851082,569.02356,2432.4497,93.923599
1995,0,57,1,3,118.93684,203.82979,46.288906,7.0142961,64.772507,101.69608,43.520313,68.294708,642.35474,2804.1111,121.40873
1995,0,57,1,999,113.99691,203.34505,44.735836,7.8381581,55.598057,99.680473,33.991726,63.361652,581.68433,2458.543,96.97068
1995,0,57,999,1,82.146545,198.92151,40.323845,9.8271809,29.949144,75.053917,16.500088,50.673271,457.11789,1789.5518,46.725536
1995,0,57,999,2,109.45854,229.28595,39.708637,8.1193094,48.593578,80.063995,23.0819,56.706264,505.87863,2114.5811,72.129074
1995,0,57,999,3,115.07059,221.73502,48.951881,7.4693499,59.25848,85.253174,35.18047,63.042194,585.15424,2539.3398,101.56133
1995,0,57,999,999,102.76981,217.29988,42.950634,8.4389095,46.282242,80.209435,25.015488,56.910198,516.7868,2153.0869,73.896126
1995,0,62,0,1,73.591438,203.24559,37.923779,9.9186878,24.398087,56.719799,12.536058,47.48,433.70306,1694.2155,39.183567
1995,0,62,0,2,98.71196,245.01917,38.123749,8.3134394,40.597607,55.665482,15.447412,50.896763,451.11801,1823.5759,53.643871
1995,0,62,0,3,110.08691,246.34329,52.420879,7.671916,50.344639,56.648354,23.169647,55.612263,507.69907,2165.6311,75.55748
1995,0,62,0,999,92.381996,229.81447,41.851555,8.7406368,37.15696,56.319511,16.416904,50.878403,459.68008,1866.3695,54.086586
1995,0,62,1,1,95.450043,190.87743,45.539513,9.3182354,38.853359,89.072639,22.37318,56.052063,507.67194,1944.5476,65.308342
1995,0,62,1,2,122.26362,209.79665,43.028969,7.3315635,55.768147,91.417633,30.567831,62.915188,576.60504,2465.0659,99.076881
1995,0,62,1,3,120.55898,203.04942,47.524029,6.5799761,63.208176,94.205688,43.415119,68.1315,649.64093,2806.2566,126.50059
1995,0,62,1,999,115.10303,202.54279,45.420834,7.5135355,54.632118,91.957611,33.687393,63.326797,588.93579,2474.6721,101.80013
1995,0,62,999,1,81.880692,198.5553,40.811829,9.6909828,29.879839,68.988701,16.26651,50.730709,461.75366,1789.1469,49.090649
1995,0,62,999,2,110.12039,227.95737,40.499836,7.8378181,47.94622,72.983833,22.771746,56.718491,511.90396,2134.314,75.651634
1995,0,62,999,3,116.20403,221.0538,49.560455,7.0340753,57.858692,78.586937,34.995754,62.925201,590.61243,2539.8433,105.31518
1995,0,62,999,999,103.39608,216.59445,43.581772,8.1457958,45.62809,73.595177,24.78882,56.912796,522.33716,2161.2458,77.215851
1995,0,67,0,1,72.943237,200.52991,39.009529,9.4831038,24.351206,53.268864,12.851159,47.71418,440.24277,1683.771,42.086758
1995,0,67,0,2,99.070885,239.63774,39.165001,8.0271168,40.238064,52.145847,15.973964,51.420311,462.64093,1858.3151,58.755051
1995,0,67,0,3,109.38197,237.71619,55.437183,7.2821245,49.727119,53.762142,24.457592,56.7444,525.21667,2229.6804,84.424454
1995,0,67,0,999,92.500587,224.98506,43.626472,8.3459454,37.13681,53.000019,17.201817,51.56039,471.92722,1898.4001,59.863781
1995,0,67,1,1,95.205872,187.65038,46.522469,8.7980394,39.38575,84.037178,22.829424,56.614075,519.6275,1971.0233,71.851807
1995,0,67,1,2,122.68398,204.39548,43.524334,6.9289865,55.490154,85.366051,31.307592,63.652988,593.06561,2524.8464,108.89511
1995,0,67,1,3,119.18743,196.70467,46.688076,6.1976705,62.08284,87.655434,44.797699,69.021774,666.62335,2860.2395,138.13625
1995,0,67,1,999,114.99647,197.40446,45.517174,7.0498919,54.569271,86.014038,34.978775,64.282188,606.90741,2538.2549,112.61581
1995,0,67,999,1,81.56192,195.54376,41.918064,9.2178898,30.171631,65.180412,16.714113,51.159657,470.97552,1794.9769,53.609909
1995,0,67,999,2,110.85403,222.05151,41.340347,7.4791393,47.848995,68.723038,23.625587,57.524529,527.72406,2190.9202,83.775406
1995,0,67,999,3,115.26701,213.1019,50.186146,6.6312571,57.142776,74.104218,36.665318,64.113037,610.08612,2608.1294,116.66119
1995,0,67,999,999,103.77502,211.16226,44.574047,7.6963916,45.873577,69.545921,26.111237,57.936275,539.57629,2219.0813,86.301941
1995,0,72,0,1,71.842514,196.27243,38.916157,9.381361,24.015806,51.38216,13.167608,47.823338,446.96765,1675.6952,45.101635
1995,0,72,0,2,99.410446,233.181,39.16835,7.7521706,39.61108,50.56916,16.672792,51.604893,473.55652,1871.3324,63.610634
1995,0,72,0,3,109.87893,230.60585,47.908775,6.8660092,48.495098,54.229492,26.473162,57.253193,541.57312,2237.7957,90.074318
1995,0,72,0,999,92.461128,219.25151,41.514969,8.088275,36.505638,51.880703,18.150515,51.826061,483.00247,1903.4761,64.363548
1995,0,72,1,1,95.000076,183.16431,45.852448,8.5450125,39.098122,82.40387,23.582853,56.88028,531.25604,1984.3528,78.839478
1995,0,72,1,2,124.00304,196.88374,43.226822,6.6191721,54.469967,83.516701,33.017982,64.231766,611.59845,2573.3044,120.34883
1995,0,72,1,3,120.21894,188.56313,43.280136,5.7647762,60.311611,88.607239,48.886181,69.87941,689.17889,2899.1873,149.71288
1995,0,72,1,999,116.03117,190.3768,43.827328,6.6853037,53.532356,85.404297,37.588219,64.978989,626.40863,2580.1421,123.51023
1995,0,72,999,1,80.872704,191.16098,41.620934,9.0552311,29.897089,63.478939,17.228989,51.355053,479.83554,1796.0548,58.257557
1995,0,72,999,2,111.90171,214.74461,41.229763,7.1766891,47.158325,67.304138,24.974972,58.018436,543.67188,2227.8835,92.42955
1995,0,72,999,3,116.18194,204.97766,45.087273,6.194725,55.698147,75.18531,40.135578,64.949821,631.54987,2640.9634,126.42849
1995,0,72,999,999,104.47186,204.53766,42.693291,7.3733549,45.182049,68.963524,28.055506,58.528481,556.0788,2248.2888,94.503281
1995,0,77,0,1,70.099075,194.85231,38.980061,9.1849756,23.706646,48.691166,12.943591,47.354362,446.48419,1632.0117,47.174084
1995,0,77,0,2,97.306175,231.80215,39.912552,7.4865685,38.632439,47.585117,16.484053,50.517467,469.83853,1811.4596,65.669746
1995,0,77,0,3,108.20804,227.83229,46.382427,6.5173087,47.13316,52.930428,27.745098,56.66481,544.27618,2181.2012,94.502808
1995,0,77,0,999,90.698883,217.55086,41.399792,7.8178716,35.716064,49.480915,18.391016,51.121078,482.46127,1851.6046,67.19989
1995,0,77,1,1,93.022545,181.96024,46.214523,8.3005791,38.082367,79.10183,23.562918,56.089176,530.80188,1931.2515,83.646675
1995,0,77,1,2,121.86214,194.20004,44.465317,6.4448528,52.809315,80.883774,33.979427,63.361565,612.11145,2523.1885,129.32211
1995,0,77,1,3,118.29021,183.41539,43.688637,5.4880571,58.390636,87.736946,52.794933,69.771645,700.44464,2869.6284,162.9062
1995,0,77,1,999,114.10754,186.93834,44.510132,6.4354978,52.021751,83.434975,39.791515,64.537949,632.40302,2543.8406,133.85091
1995,0,77,999,1,78.948692,189.87534,41.77293,8.8435545,29.256401,60.431217,17.043188,50.726444,479.0351,1747.5334,61.254345
1995,0,77,999,2,109.6694,212.87057,42.204739,6.9620943,45.770084,64.350021,25.292469,56.984097,541.46881,2169.7944,97.716873
1995,0,77,999,3,114.37982,200.64258,44.733429,5.8872547,54.024403,74.237167,43.079304,64.688133,639.87439,2602.6206,136.37581
1995,0,77,999,999,102.60839,201.97626,42.982224,7.1145678,44.011833,66.755562,29.278849,57.947117,558.74646,2203.7903,101.10962
1995,0,82,0,1,70.156464,186.05098,42.04261,8.6119909,24.418718,49.261456,13.884567,48.326332,463.87766,1637.177,55.212517
1995,0,82,0,2,100.94671,213.82553,42.65406,6.8898015,39.576126,48.559357,18.924997,53.305183,506.65973,1948.5177,80.93322
1995,0,82,0,3,108.45734,206.46948,51.044712,5.9308157,47.585258,52.378693,31.385,59.633095,584.45313,2321.8887,114.53518
1995,0,82,0,999,93.098,202.45372,45.00127,7.165133,37.021931,49.950336,21.051025,53.589058,516.21179,1959.4872,82.676712
1995,0,82,1,1,94.744118,171.0215,47.630917,7.3203688,40.518318,79.506531,25.670956,57.964905,564.56104,2027.0879,101.30676
1995,0,82,1,2,124.43067,179.16518,44.391186,5.6558261,53.391212,76.796799,36.535881,65.555107,651.28571,2660.8694,149.6637
1995,0,82,1,3,116.9734,171.35703,44.480232,4.891315,57.748322,79.529556,54.562843,71.035904,723.03143,2921.8792,180.32118
1995,0,82,1,999,115.44424,174.12004,45.04739,5.630208,52.892986,78.535812,42.539906,66.56498,666.90875,2657.1555,154.19003
1995,0,82,999,1,80.307838,179.84583,44.349823,8.0787258,31.065674,61.748577,18.75075,52.305756,505.44626,1798.1573,74.243202
1995,0,82,999,2,113.7496,194.92952,43.601097,6.2170672,47.10778,63.953735,28.526031,59.983551,585.50635,2336.8748,118.40343
1995,0,82,999,3,113.9239,183.93036,46.830891,5.2635474,54.109051,69.807167,46.263138,66.952698,673.4082,2707.0298,156.76402
1995,0,82,999,999,105.36039,186.90575,45.026577,6.3228507,45.731091,65.636475,32.842941,60.70953,598.90601,2342.3291,121.91929
1995,0,87,0,1,70.156464,176.00433,46.418663,7.915647,24.447716,52.030899,15.239588,49.29034,486.19406,1625.1589,66.187996
1995,0,87,0,2,103.09653,195.45276,46.604816,6.6438727,39.581264,52.23951,22.15029,55.732689,544.09167,2045.9971,99.219009
1995,0,87,0,3,108.35244,185.97833,59.35524,5.6261573,47.12582,55.657265,37.078293,62.395817,626.63623,2430.9529,137.2175
1995,0,87,0,999,94.655937,186.38805,50.684784,6.7053671,37.367981,53.28426,24.86558,55.910423,553.04272,2041.2843,101.37483
1995,0,87,1,1,95.875977,159.52327,50.768181,6.4904366,41.839718,83.016327,28.14979,59.488617,597.81427,2086.8706,121.655
1995,0,87,1,2,124.8362,165.79628,45.38105,5.1916733,53.065472,77.436852,40.143463,67.071518,681.75604,2721.4438,172.37262
1995,0,87,1,3,115.31489,159.67679,46.857616,4.5136642,56.407902,78.495789,59.833645,71.976097,746.15082,2929.1213,201.27895
1995,0,87,1,999,115.39416,161.85707,46.999928,5.0992618,52.688793,78.893951,47.265957,68.052689,697.33325,2708.8972,177.11559
1995,0,87,999,1,81.422829,168.78485,48.323959,7.291337,32.066238,65.603981,20.894869,53.757668,535.08905,1827.4105,90.485168
1995,0,87,999,2,115.64543,178.33397,45.898415,5.8056116,47.364826,66.784302,32.536587,62.277859,623.5564,2435.8889,141.44586
1995,0,87,999,3,112.99554,168.43846,51.020866,4.8842621,53.315826,70.887749,52.253307,68.784683,706.33771,2763.1699,179.9386
1995,0,87,999,999,106.72238,172.11481,48.540768,5.7708621,46.28233,68.18515,37.899143,62.975349,636.99756,2429.7319,145.44426
1995,0,92,0,1,70.637001,165.99762,57.491642,7.3192196,25.128046,55.82357,16.240223,50.216736,507.00806,1612.8124,78.13166
1995,0,92,0,2,104.09862,178.61852,55.124744,6.2938046,40.070057,57.646019,25.556736,57.69772,576.14075,2101.9666,118.30026
1995,0,92,0,3,106.96608,165.91754,84.732979,5.3072057,46.449078,61.782978,45.142017,65.274513,668.04077,2504.8284,162.41928
1995,0,92,0,999,95.672798,170.54222,66.315559,6.2326031,38.119606,58.601883,29.887636,58.278912,589.28845,2107.074,122.64208
1995,0,92,1,1,96.674255,148.70753,58.651867,5.7167578,42.990887,91.09977,30.258005,60.31699,627.62372,2111.5254,143.74225
1995,0,92,1,2,123.36973,153.74359,48.754974,4.7431779,52.67379,82.910126,44.75341,68.040146,704.89532,2716.51,197.45229
1995,0,92,1,3,111.94909,147.5685,52.941071,4.2151456,54.604279,82.818291,68.970039,73.284401,770.48767,2916.1489,227.23801
1995,0,92,1,999,113.57788,149.89706,52.361313,4.6305981,52.141983,84.126175,54.56229,69.458084,725.60742,2722.5781,203.98898
1995,0,92,999,1,82.714874,157.97729,58.029835,6.5758877,33.414059,72.187096,22.742634,54.901928,562.95789,1844.1499,108.56637
1995,0,92,999,2,115.73878,163.59352,51.277264,5.3571925,47.68298,72.906082,37.151939,63.944763,653.91125,2473.1638,166.10979
1995,0,92,999,3,110.40058,153.2706,62.820652,4.5545115,52.069988,76.281403,61.5653,70.795265,738.65149,2788.3279,207.09509
1995,0,92,999,999,106.65182,157.88303,57.759094,5.2502856,46.717842,74.252861,45.017632,65.133751,672.87646,2484.4885,172.52234
1995,0,97,0,1,70.800888,154.99609,70.643257,6.897378,25.54887,63.124474,17.277449,50.846024,529.45892,1581.809,91.95385
1995,0,97,0,2,103.52386,162.87349,65.043221,6.0873456,40.047112,65.558678,28.346804,58.908371,601.06427,2095.2905,138.88431
1995,0,97,0,3,104.42442,149.49513,104.53371,5.2095575,45.763382,66.061844,50.856842,66.458832,692.9408,2494.4812,188.56352
1995,0,97,0,999,95.106407,155.75652,81.328514,5.9753766,38.308704,65.095848,33.814121,59.578621,616.30988,2107.3896,144.93079
1995,0,97,1,1,95.996735,137.61656,67.877274,5.0873265,43.721325,107.73183,31.55887,60.41058,652.35181,2063.2971,166.74539
1995,0,97,1,2,120.98062,142.64915,52.423298,4.3901715,52.320385,93.183372,48.292439,68.321877,716.85681,2634.8254,224.29138
1995,0,97,1,3,108.98264,137.24693,62.268044,3.9936738,53.45237,85.823982,75.59935,73.4356,781.2077,2832.3474,255.16257
1995,0,97,1,999,111.15538,139.15257,59.732498,4.2926316,51.613033,91.612892,59.675991,69.740982,739.94318,2649.968,231.39862
1995,0,97,999,1,83.112854,146.50357,69.291656,6.0128942,34.428852,84.92189,24.256077,55.519749,589.51062,1817.0885,128.50079
1995,0,97,999,2,114.36784,150.31033,57.203842,5.0330772,47.671154,82.718872,40.736843,64.755951,672.99347,2430.4446,191.93839
1995,0,97,999,3,107.61237,140.92892,74.97374,4.3591866,51.140942,79.883186,68.161377,71.338272,754.67334,2730.7795,235.14188
1995,0,97,999,999,105.24178,145.27066,67.690033,4.9126768,46.710754,81.842094,50.146606,65.996429,694.38776,2450.043,199.53761
1995,0,999,0,1,69.711197,165.42566,31.375671,8.0909653,24.047943,138.87251,15.071844,46.480431,425.17108,1692.8125,47.46307
1995,0,999,0,2,93.230118,209.54935,33.670097,7.1253223,42.831886,139.7912,19.504965,49.352795,441.05316,1643.9856,65.61525
1995,0,999,0,3,105.41786,213.27599,49.060764,8.7344599,52.900906,131.01201,30.707846,53.031502,500.75153,1927.7844,91.212624
1995,0,999,0,999,86.172035,191.85973,36.282143,7.9053926,37.27264,137.36449,20.244322,48.999821,448.24863,1730.4769,63.930626
1995,0,999,1,1,88.571442,156.54182,39.803955,8.0968447,35.426048,181.49648,27.695658,54.639767,491.07614,1785.5649,73.733871
1995,0,999,1,2,111.01683,177.1812,40.302502,7.0915899,54.989506,187.45255,40.444984,60.551445,556.0144,2079.0278,114.79976
1995,0,999,1,3,111.10258,166.67293,45.144451,8.1248407,63.016327,190.10139,61.001205,65.593842,649.22571,2463.3579,154.08054
1995,0,999,1,999,104.32082,167.31982,41.847168,7.7543311,51.935459,186.5945,43.816555,60.54414,569.16693,2125.5547,116.23715
1995,0,999,999,1,76.531006,162.2133,34.423313,8.093092,28.16223,154.28522,19.636576,49.43082,449.00217,1726.3516,56.962509
1995,0,999,999,2,101.15018,195.13646,36.623371,7.110302,48.24543,161.01384,28.829134,54.339329,492.2431,1837.7012,87.516121
1995,0,999,999,3,108.51466,187.88863,46.927326,8.4023657,58.411362,163.20142,47.210392,59.874939,581.63403,2219.5422,125.46041
1995,0,999,999,999,94.209442,180.99193,38.746681,7.8384929,43.766243,159.16658,30.683569,54.112362,501.79874,1905.4418,87.0952
1995,1,2,0,1,61.59687,81.665237,16.378494,9.2605677,10.776309,59.849224,17.292948,44.602066,511.07684,2164.8562,65.745155
1995,1,2,0,2,93.187286,121.36957,20.986507,8.2043905,18.517992,59.783405,24.91806,47.663746,585.78973,1914.2185,102.12567
1995,1,2,0,3,114.05579,130.9086,28.852512,12.540926,21.745321,54.605148,41.36438,50.133392,701.10565,2202.8545,144.91753
1995,1,2,0,999,82.402092,104.47291,20.378681,9.5728588,15.49718,58.77787,24.598972,46.707981,573.48792,2090.7224,93.460762
1995,1,2,1,1,83.218399,80.884384,19.247416,9.4736166,14.450843,80.549049,30.688549,52.59116,617.56885,2136.4121,100.42554
1995,1,2,1,2,121.15901,106.82547,23.374313,8.2835903,22.465933,83.806519,51.155365,58.213631,765.28424,2221.6267,178.09102
1995,1,2,1,3,134.58891,104.10104,27.856342,11.646154,25.520733,84.618393,86.753136,61.760029,931.82684,2615.5234,255.95215
1995,1,2,1,999,111.4721,96.629784,23.227116,9.7226963,20.48485,82.872459,54.436741,57.245029,761.85052,2309.0024,173.37433
1995,1,2,999,1,69.054672,81.395905,17.368057,9.334054,12.043747,66.989113,21.913424,47.357704,547.80859,2155.0452,77.707283
1995,1,2,999,2,104.85764,115.30148,21.982746,8.2374344,20.16515,69.80632,35.864777,52.065361,660.67834,2042.4751,133.8199
1995,1,2,999,3,124.4933,117.28163,28.346134,12.086091,23.664459,69.861641,64.436638,56.043507,818.38708,2412.6245,201.35925
1995,1,2,999,999,94.269592,101.27103,21.541521,9.6340275,17.53334,68.614212,36.779907,51.009613,650.38483,2179.8328,126.08457
1995,1,7,0,1,77.10022,143.75676,32.542202,7.3752332,28.699556,168.964,20.158031,45.578747,438.02109,1735.2446,66.355606
1995,1,7,0,2,109.5913,191.78387,36.827141,6.6076002,48.713421,169.06914,27.904366,48.036594,464.08041,1575.1477,95.422714
1995,1,7,0,3,127.34071,196.42232,50.712879,10.491953,55.517853,153.99246,46.083344,50.3979,542.17157,1804.4948,130.61244
1995,1,7,0,999,98.679626,171.07504,37.836063,7.7779441,41.116577,165.82484,28.260208,47.427147,468.86847,1696.0886,89.755547
1995,1,7,1,1,98.789787,136.8461,38.753372,7.5411081,36.763687,211.01517,37.380707,53.087391,514.0105,1751.6428,99.802681
1995,1,7,1,2,127.86131,159.00743,40.881279,7.0574584,54.290115,216.67328,60.644482,57.930698,596.45331,1863.9425,161.6521
1995,1,7,1,3,130.9695,142.33377,47.419617,10.566085,57.776081,216.33405,100.18433,61.943401,724.82672,2219.1528,222.92664
1995,1,7,1,999,118.74268,146.1618,42.167252,8.3112049,49.291748,214.60629,64.816551,57.49332,607.60168,1934.9515,159.172
1995,1,7,999,1,84.691681,141.338,34.716145,7.4332905,31.522043,183.68213,26.186052,48.20681,464.61777,1740.9841,78.062248
1995,1,7,999,2,117.21978,178.09837,38.519913,6.7954345,51.041924,188.94583,41.574711,52.167793,519.35156,1695.7314,123.07621
1995,1,7,999,3,129.17653,169.05872,49.046806,10.529456,56.660297,185.5313,73.453232,56.238811,634.57751,2014.2717,177.31453
1995,1,7,999,999,106.95053,160.80466,39.621574,7.9977784,44.486752,185.93478,43.330402,51.576881,526.06061,1794.5588,118.37217
1995,1,12,0,1,71.110909,152.6319,35.825089,6.6952734,31.104666,207.66168,17.884464,45.409706,413.45978,1662.199,59.001675
1995,1,12,0,2,98.071907,191.34279,39.501804,6.0107322,52.095486,216.7312,25.013933,48.17485,433.55228,1556.0895,84.366257
1995,1,12,0,3,112.67809,192.21494,54.881912,8.5743799,59.626377,200.45079,40.993336,50.672104,504.11905,1795.087,114.64403
1995,1,12,0,999,89.025368,174.07588,41.117535,6.8649745,44.234722,209.17731,25.20056,47.459698,439.51248,1654.7942,79.374832
1995,1,12,1,1,90.30529,143.63345,42.911991,6.7468309,40.478718,258.65277,33.632286,52.997589,484.01804,1695.9839,87.954727
1995,1,12,1,2,113.52399,157.89777,44.153782,6.1334209,59.274448,270.82828,53.77541,58.021412,554.37604,1847.2096,139.47293
1995,1,12,1,3,115.30276,141.80504,48.306507,8.3570299,63.691494,268.28409,85.557915,61.7799,664.63086,2203.0315,188.25531
1995,1,12,1,999,106.20256,147.96724,45.044884,7.0446196,54.288807,265.88992,56.982952,57.503731,565.3399,1908.3433,137.40126
1995,1,12,999,1,77.94175,149.42957,38.347157,6.7136221,34.440678,225.80824,23.488752,48.110062,438.56985,1674.2224,69.305397
1995,1,12,999,2,104.69971,176.99734,41.497158,6.0633564,55.174732,239.93486,37.350483,52.398296,485.37674,1680.9585,108.00295
1995,1,12,999,3,114.04671,165.92894,51.453197,8.4610443,61.746113,235.82214,64.231323,56.464211,587.8172,2007.8077,153.02827
1995,1,12,999,999,96.294205,163.02756,42.779465,6.9409947,48.489288,233.17625,38.649837,51.710011,492.75858,1762.088,103.92973
1995,1,17,0,1,69.777893,162.59381,36.873062,6.6807313,31.760624,193.68983,15.969718,45.417198,402.9071,1651.1412,51.838039
1995,1,17,0,2,94.591766,199.03435,39.65424,5.9299822,52.468746,202.89467,21.913982,48.188889,419.84799,1571.2827,72.890518
1995,1,17,0,3,108.0354,199.3548,54.434219,7.6895432,60.251965,189.86276,35.494713,50.865475,484.59305,1816.1439,98.497375
1995,1,17,0,999,86.54863,182.99713,41.640411,6.6446199,45.008919,195.99092,22.241146,47.546093,426.44571,1659.8516,69.156113
1995,1,17,1,1,88.124878,151.53403,44.005917,6.7223887,41.689072,249.92754,30.257128,53.109951,472.46075,1700.2196,77.459068
1995,1,17,1,2,109.4178,163.8199,43.978951,5.948379,60.377903,262.59818,46.89249,58.055996,537.74976,1890.4094,120.76025
1995,1,17,1,3,110.81499,149.12997,48.495991,7.3054194,65.159821,260.82431,73.091835,62.024452,637.00946,2245.0977,161.15576
1995,1,17,1,999,102.86799,155.03224,45.447762,6.6414895,55.778324,257.85858,49.890404,57.712307,548.3634,1942.5105,119.57841
1995,1,17,999,1,76.384758,158.61111,39.44165,6.6957321,35.335922,213.94141,21.114708,48.187408,427.95383,1668.8147,61.064339
1995,1,17,999,2,101.05684,183.67868,41.540085,5.9380045,55.917629,228.92909,32.806156,52.491562,471.26047,1710.4418,93.764687
1995,1,17,999,3,109.50624,172.77782,51.291943,7.48628,62.849007,227.4128,55.389614,56.770359,565.24573,2043.1292,131.6537
1995,1,17,999,999,93.577087,170.95316,43.28017,6.6432719,49.647114,222.63623,34.149193,51.924503,478.95349,1781.5879,90.872108
1995,1,22,0,1,72.17672,178.76257,36.323246,6.8606467,33.330315,156.81116,14.10116,45.081024,392.85425,1634.8673,44.594368
1995,1,22,0,2,96.691467,218.79913,37.799057,5.883451,54.02367,158.81447,18.381531,47.529037,404.82654,1574.1237,60.439796
1995,1,22,0,3,110.11512,220.77791,52.752743,7.1115179,61.679741,150.0826,29.352442,50.314823,464.04916,1814.7241,81.070724
1995,1,22,0,999,89.389748,202.33427,40.579479,6.57586,47.023586,155.98041,19.070429,47.128895,413.2493,1654.556,58.441441
1995,1,22,1,1,90.400574,165.74812,43.485867,6.9194961,43.18206,213.55872,27.056725,52.748947,463.39008,1713.8462,67.518242
1995,1,22,1,2,111.76221,180.11818,42.248127,5.9472117,61.38903,222.75957,40.511715,57.514118,525.37933,1940.179,103.88239
1995,1,22,1,3,113.09978,165.63612,45.759583,6.839314,66.102074,224.83307,62.719727,61.70319,619.37927,2297.5925,138.36978
1995,1,22,1,999,105.5121,170.79875,43.803719,6.5485859,57.250072,220.56546,43.679703,57.413681,537.20947,1988.0962,103.95377
1995,1,22,999,1,78.762146,174.05962,38.911552,6.8819127,36.890373,177.31763,18.782824,47.851929,418.34329,1663.4072,52.878208
1995,1,22,999,2,103.25689,201.94815,39.737251,5.9112277,57.232319,186.67152,28.022326,51.878937,457.34415,1733.592,79.365135
1995,1,22,999,3,111.68813,191.71652,49.067135,6.9680581,64.010445,189.47838,46.938019,56.316841,545.9129,2069.2104,111.26908
1995,1,22,999,999,96.366158,188.68834,41.974663,6.5640583,51.448757,183.92743,29.719267,51.579292,466.88892,1798.8844,78.135376
1995,1,27,0,1,74.718773,191.66731,36.285229,7.3319674,33.640083,125.98698,13.15894,45.157684,390.09354,1648.4446,39.786381
1995,1,27,0,2,99.359383,234.23717,36.856419,6.1857262,53.437538,125.0667,16.721296,47.367744,401.56799,1601.9425,52.858288
1995,1,27,0,3,112.96593,236.87947,50.718906,7.0550137,60.88921,120.98602,26.642595,50.462784,460.40195,1848.8104,70.852112
1995,1,27,0,999,92.480797,217.43867,39.888077,6.8595705,47.091095,124.48208,17.6005,47.192379,410.73102,1679.124,51.747425
1995,1,27,1,1,93.534676,177.09921,43.638691,7.3673234,43.618679,179.3165,25.608255,52.933792,462.69312,1748.5415,61.059238
1995,1,27,1,2,115.61706,193.04822,41.676083,6.2365818,61.109646,187.42456,37.861938,57.648537,527.18201,2015.7705,93.483162
1995,1,27,1,3,116.47617,178.48737,45.831894,6.8236818,65.557281,194.53275,58.077454,62.309776,621.30774,2392.9609,123.74768
1995,1,27,1,999,109.25904,183.26642,43.687923,6.7778859,57.361397,187.41216,41.081505,57.821789,539.93329,2064.2173,94.062241
1995,1,27,999,1,81.561211,186.3696,38.959332,7.3448248,37.268818,145.38036,17.686155,47.985481,416.49451,1684.8451,47.522293
1995,1,27,999,2,106.4842,216.18637,38.968605,6.2080135,56.799789,152.39462,25.986044,51.873234,456.61752,1783.2999,70.661873
1995,1,27,999,3,114.82562,205.94397,48.129822,6.9324565,63.362305,159.95029,43.296444,56.739193,545.64807,2137.0955,98.87561
1995,1,27,999,999,99.813843,202.50348,41.548824,6.8238702,51.5798,151.98608,27.863024,51.838032,467.19974,1847.4315,70.241386
1995,1,32,0,1,76.135208,195.82085,38.037014,8.1291695,32.678799,106.78519,13.080237,45.580311,397.87207,1688.7833,38.323231
1995,1,32,0,2,101.09888,237.9295,38.641483,6.9768753,51.181709,107.42474,16.867146,48.438179,414.82883,1686.448,51.500088
1995,1,32,0,3,114.25888,238.34148,53.930668,7.7175794,58.570847,106.98551,27.323807,51.917465,480.95895,1976.8549,70.12545
1995,1,32,0,999,94.246445,221.07385,42.115402,7.6209579,45.527725,107.06042,17.884645,48.133339,424.07935,1757.9961,50.722641
1995,1,32,1,1,95.863762,180.46587,45.219906,8.0203781,43.279667,156.54381,25.393991,53.644714,474.15582,1815.843,59.11124
1995,1,32,1,2,119.00516,196.62662,42.225357,6.8079376,59.928329,165.37169,37.347404,58.984226,545.38666,2143.6545,90.897331
1995,1,32,1,3,118.15819,182.52553,46.93306,7.2137661,64.586479,173.26413,56.701508,63.964958,641.13928,2536.7236,119.10612
1995,1,32,1,999,112.10123,186.92043,44.781338,7.3003488,56.866062,165.70862,40.93758,59.262867,559.70111,2192.322,92.034866
1995,1,32,999,1,83.420784,190.15039,40.68959,8.088994,36.593605,125.16061,17.627596,48.558422,426.04297,1735.7053,46.000057
1995,1,32,999,2,109.19296,219.25961,40.261482,6.9005117,55.135399,133.61816,26.124718,53.20525,473.84415,1893.1165,69.308594
1995,1,32,999,3,116.40949,207.55688,50.071224,7.4397073,61.888695,143.54066,43.526714,58.562111,569.30444,2285.6436,97.140137
1995,1,32,999,999,102.3283,205.61453,43.322121,7.4758363,50.65995,133.60715,28.319405,53.171047,485.46765,1954.5908,69.422348
1995,1,37,0,1,77.261932,197.63435,39.270569,9.0654421,31.731333,92.134979,13.10482,46.026939,407.21854,1736.1243,37.979424
1995,1,37,0,2,102.89823,239.564,39.793888,7.7788944,49.252522,93.460739,17.001463,49.109875,428.2998,1760.4518,51.691959
1995,1,37,0,3,115.98605,239.04817,54.949291,8.2049751,56.79855,95.211639,27.771271,53.469856,499.88004,2092.7771,71.342438
1995,1,37,0,999,95.974419,222.76305,43.372055,8.3968992,44.170948,93.371017,18.142681,48.973286,437.80023,1833.803,51.148819
1995,1,37,1,1,98.041756,182.99814,46.094994,8.7242575,42.90871,138.26048,24.958752,54.133904,485.1156,1877.6144,58.484383
1995,1,37,1,2,122.78865,200.66875,42.595695,7.2819905,59.229183,146.03503,36.421307,59.986263,560.2229,2255.2244,89.924034
1995,1,37,1,3,121.11794,188.23178,44.153484,7.2740989,64.051842,153.41115,54.787941,65.06028,654.7215,2663.7068,117.24753
1995,1,37,1,999,115.43655,191.15677,44.136257,7.6705756,56.626255,146.72026,40.271336,60.320717,575.65216,2307.5439,91.745483
1995,1,37,999,1,85.006752,192.17931,41.814091,8.9382801,35.897236,109.32635,17.522882,49.048473,436.25146,1788.8589,45.621796
1995,1,37,999,2,112.10905,221.55244,41.091343,7.5487885,53.872494,117.80673,25.994364,54.146488,489.39047,1989.5701,69.396393
1995,1,37,999,3,118.9062,210.13269,48.806274,7.6752892,60.925808,128.32826,43.144264,60.065025,587.98773,2417.647,97.463295
1995,1,37,999,999,105.02987,208.0571,43.727627,8.0589514,49.966225,118.19365,28.438826,54.253082,501.94077,2054.2278,70.037865
1995,1,42,0,1,78.94178,207.27856,38.282501,9.3409004,31.698765,76.80088,12.430373,45.708527,406.35797,1734.5387,36.612541
1995,1,42,0,2,105.26932,252.54114,38.009117,7.8785081,48.558048,75.872658,15.662374,48.668919,425.93317,1772.5925,49.081837
1995,1,42,0,3,119.06378,253.57674,49.185925,7.8898687,55.803135,78.23909,25.40613,53.13221,496.14764,2113.1824,67.895493
1995,1,42,0,999,98.660652,235.35086,40.986912,8.4454288,43.917862,76.838806,16.919964,48.674217,436.42819,1845.4454,49.107777
1995,1,42,1,1,100.6877,192.76118,44.627396,9.03477,42.866852,119.32923,23.719893,53.973907,485.72433,1902.2489,56.97298
1995,1,42,1,2,127.06693,213.59302,41.396343,7.330328,58.463081,124.56871,34.01857,59.826004,560.51788,2306.9966,87.176956
1995,1,42,1,3,125.98653,202.11153,42.951077,7.0859885,63.026154,132.06377,51.105976,65.125473,655.30164,2723.3667,114.30383
1995,1,42,1,999,119.7371,203.70543,42.842735,7.6827683,56.135731,126.08635,37.909992,60.336292,577.47369,2361.5134,89.72393
1995,1,42,999,1,87.047302,201.8674,40.647484,9.2267942,35.86153,92.652794,16.638399,48.789345,435.9408,1797.0507,44.201641
1995,1,42,999,2,115.3606,234.50995,39.577244,7.6247258,53.143616,98.416672,24.16044,53.834129,488.23962,2019.9967,66.718109
1995,1,42,999,3,122.99278,224.36761,45.647331,7.4336257,59.902561,108.78732,39.992092,59.938992,586.47559,2459.4927,94.234566
1995,1,42,999,999,108.49329,220.58754,41.852695,8.0896301,49.617771,99.813896,26.712284,54.114838,502.2291,2086.2026,68.056129
1995,1,47,0,1,78.848488,204.3269,38.76688,10.123878,30.290909,69.550346,13.120782,46.122631,417.43338,1779.0365,37.76075
1995,1,47,0,2,106.74116,249.2403,38.685532,8.4023352,46.385098,69.459984,16.611303,49.639641,443.78796,1851.509,52.046837
1995,1,47,0,3,120.34146,250.61542,46.003296,7.9802079,53.657372,72.523811,26.504509,54.346447,517.12561,2213.7759,71.557945
1995,1,47,0,999,99.529533,232.29295,40.619022,8.9559059,42.074459,70.291199,17.838034,49.508034,452.69684,1917.7522,51.614162
1995,1,47,1,1,101.57436,191.0118,44.689514,9.505455,42.285435,109.35971,24.302389,54.529152,499.95917,1968.089,59.58881
1995,1,47,1,2,130.21063,213.07738,41.638012,7.4172301,56.949387,112.73236,34.290848,60.972309,583.83557,2440.5608,91.988319
1995,1,47,1,3,128.80711,205.47044,40.778015,6.7818999,61.425488,118.50445,50.331383,66.085037,672.11145,2833.6531,117.20503
1995,1,47,1,999,122.50738,204.5518,42.058201,7.6861968,55.066475,114.18156,38.164452,61.393574,597.93939,2478.667,93.911095
1995,1,47,999,1,87.389366,199.32278,40.992737,9.8914614,34.798717,84.511589,17.323076,49.281986,448.44836,1850.0867,45.964214
1995,1,47,999,2,118.0279,231.84912,40.105415,7.9285865,51.465588,90.270164,25.113602,55.089653,511.13849,2134.7908,71.255157
1995,1,47,999,3,125.30802,224.13011,42.937767,7.2771935,58.21471,99.49939,40.483082,61.233158,608.05157,2577.4409,98.337837
1995,1,47,999,999,110.5994,218.92831,41.312366,8.3442078,48.333527,91.435928,27.630541,55.234039,522.66925,2187.98,71.991241
1995,1,52,0,1,78.063698,200.49176,40.335281,10.489392,29.090214,63.739178,13.375402,46.471996,428.35614,1794.1036,39.351616
1995,1,52,0,2,107.13138,245.08896,40.410671,8.8790312,44.230751,64.141068,17.022873,49.963173,456.74139,1877.625,54.29512
1995,1,52,0,3,121.67635,248.62375,49.219334,8.2022676,51.218559,66.638351,26.586807,54.64468,529.60321,2254.5762,73.761787
1995,1,52,0,999,99.472534,228.54178,42.630867,9.3362885,40.091236,64.621613,18.038282,49.792786,464.24344,1941.2166,53.419746
1995,1,52,1,1,102.00443,188.9384,46.101254,9.8668766,40.942364,101.26067,24.258654,54.840996,511.82489,1993.6085,61.453892
1995,1,52,1,2,133.33551,213.0602,43.126591,7.5791793,55.172039,103.8447,34.157372,61.403229,597.30865,2484.0608,94.208542
1995,1,52,1,3,132.85536,208.37431,43.101257,6.7205496,59.224037,107.91821,49.590706,66.377892,683.06781,2885.8623,118.91545
1995,1,52,1,999,125.23209,205.12723,43.868114,7.8200846,53.16774,104.7908,37.714443,61.698055,609.37469,2517.8718,95.631638
1995,1,52,999,1,87.049713,196.15526,42.499504,10.255733,33.538849,77.822655,17.460369,49.613251,459.68564,1868.9866,47.647575
1995,1,52,999,2,119.79157,229.61465,41.722832,8.2510242,49.516895,83.32338,25.301189,55.490292,524.65466,2170.6167,73.578789
1995,1,52,999,3,128.25558,224.93558,45.618637,7.3302259,55.930058,90.932961,40.125389,61.550079,619.92236,2626.1096,100.33627
1995,1,52,999,999,111.88991,217.25481,43.22728,8.6054039,46.394753,83.985138,27.523159,55.531712,534.20386,2219.1926,73.767952
1995,1,57,0,1,78.143433,201.31345,41.844543,10.291449,29.091549,56.995808,13.237216,46.692711,434.43469,1787.2931,41.346958
1995,1,57,0,2,108.44508,244.39064,41.829102,8.7523766,43.785713,55.988914,16.9981,50.413235,467.65533,1916.0417,57.498882
1995,1,57,0,3,121.74935,245.64862,53.780853,8.076498,51.042145,55.478157,25.98348,55.60067,541.41663,2301.6953,80.216454
1995,1,57,0,999,100.59167,228.49261,45.039242,9.1512299,40.19313,56.231464,17.989687,50.401787,474.91058,1970.9133,57.502087
1995,1,57,1,1,102.60741,190.4193,47.418056,9.5039778,41.544987,89.290428,24.109072,55.267998,522.42505,2022.7115,65.46524
1995,1,57,1,2,135.32333,214.54926,43.176914,7.3318801,55.090874,88.501396,33.442101,61.891026,610.8158,2541.012,98.750038
1995,1,57,1,3,132.91284,209.44371,44.38081,6.5738821,59.959621,87.069405,46.960854,66.675476,689.03973,2904.5908,124.54604
1995,1,57,1,999,126.49834,206.68849,44.68306,7.5448623,53.820183,88.108902,36.695595,62.2463,621.39508,2564.4114,101.24689
1995,1,57,999,1,87.488327,197.15202,43.973545,9.9906454,33.848587,69.331902,17.390112,49.968349,468.04575,1877.2195,50.559807
1995,1,57,999,2,121.66914,229.70872,42.492222,8.0534945,49.347836,71.985001,25.088522,56.060291,538.09009,2223.5261,77.79438
1995,1,57,999,3,128.39651,224.09085,48.183712,7.1817837,56.351952,74.288788,38.474209,62.195034,629.31708,2660.6824,106.61198
1995,1,57,999,999,113.35689,217.74886,44.863735,8.3597097,46.907707,71.938721,27.206816,56.238037,547.08917,2263.3528,79.056854
1995,1,62,0,1,78.226532,201.50732,43.033768,10.024202,28.906475,52.128647,13.073226,46.734032,438.30255,1776.3557,42.786526
1995,1,62,0,2,109.41946,243.61984,42.901875,8.3770819,43.208706,50.583801,16.806976,50.598087,473.62778,1930.5201,59.471806
1995,1,62,0,3,122.63057,244.80789,55.349785,7.6125789,49.867615,50.870522,25.891211,55.478832,546.56329,2308.5073,82.53315
1995,1,62,0,999,101.45546,228.35896,46.322109,8.7794952,39.720055,51.233086,17.885801,50.490208,480.31067,1975.8508,59.543858
1995,1,62,1,1,103.1907,190.10251,48.072617,9.1530428,41.253502,83.182991,23.738503,55.33884,530.71631,2041.9717,69.542305
1995,1,62,1,2,136.97977,213.02625,44.054016,6.9830589,54.187199,81.534286,33.071373,61.972618,620.15686,2582.6443,104.42036
1995,1,62,1,3,134.58257,208.02277,45.407841,6.1641397,58.303242,81.087852,47.161102,66.788361,698.20532,2926.231,129.96645
1995,1,62,1,999,128.0854,205.61565,45.547398,7.1577773,52.834084,81.73867,36.626747,62.380848,631.00781,2595.9829,106.65904
1995,1,62,999,1,87.845932,197.11272,44.97538,9.6885195,33.664131,64.094765,17.182858,50.049709,473.91217,1878.7051,53.096283
1995,1,62,999,2,123.11081,228.42162,43.474232,7.6845622,48.662579,65.95932,24.886772,56.248703,546.42023,2254.481,81.801262
1995,1,62,999,3,129.78181,222.79823,49.401218,6.745934,54.914906,68.950462,38.61763,62.245663,637.29529,2678.1101,110.91393
1995,1,62,999,999,114.70316,217.04475,45.93671,7.972733,46.243942,66.408813,27.208933,56.405491,555.27856,2284.3503,82.98243
1995,1,67,0,1,78.167473,198.81345,44.606251,9.5508823,28.880468,49.011105,13.441315,47.073139,446.89929,1779.8412,46.011234
1995,1,67,0,2,111.0388,237.44759,44.25169,7.8722267,42.826622,47.188869,17.680225,51.546143,491.91211,1997.5775,65.931587
1995,1,67,0,3,121.83724,234.13057,56.634346,7.0139098,49.142445,47.708534,27.700052,57.32259,572.56665,2407.011,94.038956
1995,1,67,0,999,102.6376,222.9229,47.973427,8.2121067,39.766155,47.979465,19.10317,51.654179,499.54297,2040.0938,67.104752
1995,1,67,1,1,103.69549,186.53365,48.879223,8.5200825,41.887272,78.499275,24.537344,56.190166,548.48743,2092.1377,77.400322
1995,1,67,1,2,137.79236,207.14857,43.814777,6.4048877,53.690781,75.162849,34.253036,63.009953,643.77625,2666.98,115.64532
1995,1,67,1,3,132.03806,201.06631,43.990387,5.6468964,57.218204,73.747032,48.532196,67.754501,717.13885,2979.1118,142.66983
1995,1,67,1,999,128.03937,200.12508,44.969448,6.5272884,52.70369,75.260605,38.364655,63.611172,655.23706,2679.657,119.19759
1995,1,67,999,1,88.350868,193.9149,46.310787,9.1396856,34.069023,60.774254,17.867641,50.710018,487.42389,1904.4196,58.532681
1995,1,67,999,2,124.9333,221.71175,44.024776,7.1101623,48.468937,61.71719,26.287336,57.499886,570.78296,2345.2324,91.750473
1995,1,67,999,3,128.15892,213.63988,48.798588,6.1667395,54.147182,63.845196,40.610218,63.787487,662.16144,2761.5552,124.17664
1995,1,67,999,999,115.90703,211.01372,46.404202,7.3319879,46.52449,62.230648,29.165028,57.900299,580.87482,2374.1902,94.317123
1995,1,72,0,1,78.319878,197.32713,45.31179,9.1034555,28.96031,46.267387,13.63449,47.212231,452.89792,1776.5657,48.971016
1995,1,72,0,2,113.49976,232.64987,44.536148,7.2422352,42.514648,44.450706,18.574404,52.071014,507.20145,2047.3483,71.494377
1995,1,72,0,3,122.98756,227.11359,51.388428,6.2960024,47.946602,46.29298,29.85667,57.967869,592.28235,2447.3003,101.29137
1995,1,72,0,999,104.57286,219.13445,46.867111,7.5802507,39.61211,45.616543,20.328024,52.224236,514.70923,2077.4412,72.948586
1995,1,72,1,1,105.10517,184.16495,48.748894,7.8679128,42.127892,75.289238,25.567938,56.684822,565.13068,2133.2019,85.773392
1995,1,72,1,2,140.47427,201.50905,43.374847,5.8222733,52.526726,70.960663,36.196033,63.658756,667.08612,2743.0906,127.16725
1995,1,72,1,3,132.91008,194.62251,42.358257,5.1175451,55.172825,71.080818,51.945656,68.520966,738.5459,3027.2813,153.37279
1995,1,72,1,999,130.11038,195.01466,43.986874,5.9140072,51.644234,71.870972,41.092274,64.43927,678.66425,2748.6682,130.62029
1995,1,72,999,1,89.27935,191.9417,46.718117,8.5979204,34.347958,58.141972,18.517181,51.088036,498.81906,1922.4869,64.029076
1995,1,72,999,2,127.96729,215.94778,43.913296,6.4806523,47.884533,58.669067,28.025597,58.285992,592.9541,2420.5032,101.35399
1995,1,72,999,3,129.26848,206.54689,45.672371,5.5500445,52.520767,61.983566,43.838894,64.647934,684.86652,2814.4255,134.25867
1995,1,72,999,999,118.35697,206.11555,45.312473,6.6808801,46.10656,59.787613,31.535721,58.817413,603.20544,2439.7422,104.07742
1995,1,77,0,1,77.69838,198.33022,45.645409,8.3619356,28.748945,42.950958,13.289132,46.671715,450.47681,1717.3484,50.566956
1995,1,77,0,2,112.09824,232.12878,45.449398,6.7375464,41.604443,41.426414,18.311935,51.199436,503.27859,1983.448,73.437378
1995,1,77,0,3,121.76886,224.67256,50.947483,5.7603478,46.426975,45.273464,31.419872,57.351494,595.24854,2394.6748,105.67808
1995,1,77,0,999,103.81169,218.76874,47.205471,6.9686594,38.879593,43.109383,20.701126,51.610214,514.29291,2022.8724,75.870934
1995,1,77,1,1,104.01101,183.08083,49.030079,7.2471828,41.460381,71.773842,25.642622,56.278683,566.09399,2091.2886,91.657608
1995,1,77,1,2,138.66077,197.98543,44.959644,5.5583138,51.046341,68.753815,37.569553,63.168793,670.35205,2705.8369,137.37401
1995,1,77,1,3,131.15515,189.03729,42.641445,4.7741051,52.936905,70.798477,56.213772,68.343811,748.80481,2999.0625,165.93376
1995,1,77,1,999,128.61765,191.06541,44.684868,5.525054,50.071167,70.261238,43.762062,64.202568,686.06128,2721.5156,141.60716
1995,1,77,999,1,88.502357,192.0688,47.035156,7.9042177,33.968269,54.78566,18.361485,50.616344,497.94931,1870.8885,67.438805
1995,1,77,999,2,126.34273,213.81898,45.18676,6.1051683,46.667778,56.081074,28.639072,57.618153,592.87378,2370.8379,107.72419
1995,1,77,999,3,127.75488,201.9465,45.650387,5.1313806,50.578621,61.551792,47.231941,64.361732,693.17755,2780.1172,144.10556
1995,1,77,999,999,117.29979,203.7052,45.834904,6.1837063,44.964951,57.873058,33.240387,58.457237,607.69104,2402.7559,111.61465
1995,1,82,0,1,80.055992,192.66058,48.884808,7.4817924,30.023178,41.892487,14.207488,47.664291,470.10437,1736.0736,59.02771
1995,1,82,0,2,118.64558,216.37384,46.103481,5.8198509,42.431103,40.347584,21.187698,53.785908,548.25391,2153.1743,89.823311
1995,1,82,0,3,122.44096,205.27588,53.021614,4.9173951,46.612938,42.615822,35.093857,60.348377,640.40619,2537.3589,127.07138
1995,1,82,0,999,108.79256,205.74101,49.265171,5.9922771,40.272537,41.567047,23.911837,54.254696,557.09338,2163.6555,93.625168
1995,1,82,1,1,108.06419,175.01044,49.317307,6.0171943,43.668999,69.052032,28.335548,58.065704,608.99872,2219.2949,111.59264
1995,1,82,1,2,142.52417,185.9062,42.749641,4.6619959,50.989708,62.581013,40.567539,64.842209,713.61023,2840.1924,157.56854
1995,1,82,1,3,129.69957,178.05507,40.444813,4.1336408,52.540031,62.064072,57.756893,69.301567,773.8689,3023.7305,183.522
1995,1,82,1,999,130.75194,180.37747,42.733315,4.6335163,50.52309,63.399609,46.735226,65.849472,725.07568,2825.3857,162.35542
1995,1,82,999,1,92.580109,184.76816,49.078201,6.8268843,36.125027,54.037121,20.524977,52.315376,532.21222,1952.1503,82.532585
1995,1,82,999,2,132.48804,198.71172,44.159256,5.1486411,47.392536,53.236332,32.422215,60.195259,644.11115,2551.4395,129.09531
1995,1,82,999,3,127.26585,187.18184,44.661644,4.3964233,50.552753,55.543335,50.158276,66.299683,729.12061,2860.6565,164.59485
1995,1,82,999,999,121.67831,190.85768,45.432278,5.1949563,46.287556,54.378387,37.304596,61.058506,655.66534,2551.9587,133.95605
1995,1,87,0,1,81.764656,184.05946,53.594322,6.8319049,30.782207,43.029175,15.654193,48.745045,493.10275,1752.9124,70.202332
1995,1,87,0,2,122.6431,199.85449,49.412235,5.3760424,42.60955,42.242889,25.304197,56.06086,590.36633,2266.1643,108.4038
1995,1,87,0,3,122.56631,186.87421,52.853157,4.43819,45.570293,45.709808,42.623909,62.983128,684.36566,2631.5076,148.28075
1995,1,87,0,999,111.97511,190.95198,51.770885,5.4087753,40.624092,43.727291,29.185814,56.711971,599.74927,2267.4377,113.18079
1995,1,87,1,1,110.43712,165.41656,50.372036,5.2208543,44.461498,69.375732,31.571056,59.385174,646.10101,2299.3918,133.02695
1995,1,87,1,2,143.25751,173.93872,42.623875,4.2275562,49.927269,61.942501,45.562153,66.161407,746.47229,2899.8982,180.44585
1995,1,87,1,3,127.64453,166.38875,39.510101,3.7499833,50.522697,62.875359,65.621277,70.209351,798.89087,3035.3523,203.7085
1995,1,87,1,999,130.71022,168.93863,42.197636,4.1338487,49.430088,63.487019,53.525742,67.194328,758.01453,2880.1746,185.15048
1995,1,87,999,1,95.45726,175.15649,52.055511,6.0625434,37.314785,55.611038,23.255329,53.826263,566.16742,2013.8849,100.20438
1995,1,87,999,2,135.25313,184.00157,45.259731,4.6735024,47.085865,54.293324,37.696175,62.23946,685.85779,2653.8252,152.4726
1995,1,87,999,3,126.06311,172.76817,43.665295,3.9642994,48.980457,57.529793,58.45961,67.959015,763.22632,2909.5901,186.4476
1995,1,87,999,999,123.60808,177.28348,45.826679,4.6171498,46.091892,55.996464,44.29892,63.220654,698.01904,2647.8972,157.86809
1995,1,92,0,1,83.113319,173.74516,66.688972,6.3074408,31.768225,44.841694,17.021088,49.843658,515.69092,1762.3761,82.255287
1995,1,92,0,2,124.2743,183.50349,57.585861,4.9720216,42.574696,44.853489,29.397804,58.129089,624.00531,2337.3804,126.97479
1995,1,92,0,3,120.83495,168.90535,67.337959,4.1171079,44.284546,49.720741,51.395645,65.109764,721.72089,2692.7078,169.72845
1995,1,92,0,999,113.19126,175.4082,63.603973,4.9481778,40.701469,46.781593,35.202278,58.942104,637.19574,2342.5767,133.37679
1995,1,92,1,1,111.24158,155.12454,56.502735,4.6172266,45.029716,72.144112,34.334316,60.394291,676.43945,2349.7935,156.94267
1995,1,92,1,2,141.39357,162.05232,45.224682,3.8835957,48.481911,63.383472,50.695747,66.919319,769.73627,2917.7446,205.65489
1995,1,92,1,3,124.05001,154.5285,43.614536,3.4940777,48.259666,65.473938,75.171837,71.297134,819.27075,3031.7454,226.1031
1995,1,92,1,999,128.43071,157.22751,45.848537,3.7755942,47.917843,65.611343,61.342323,68.356461,783.4704,2903.5015,210.00063
1995,1,92,999,1,97.219856,164.40678,61.580498,5.4597859,38.418964,58.534061,25.703804,55.13488,596.30756,2056.9702,119.71157
1995,1,92,999,2,135.13794,169.89087,49.741631,4.281322,46.32333,56.612354,42.913181,63.707249,716.48413,2705.6714,176.90408
1995,1,92,999,3,123.10629,158.74858,50.578156,3.6769581,47.092834,60.849846,68.192734,69.480934,790.6366,2932.2266,209.55525
1995,1,92,999,999,123.0457,163.65184,52.122597,4.1899381,45.367867,58.957668,52.105484,65.029808,731.78284,2705.2932,182.92485
1995,1,97,0,1,81.279045,160.36821,79.166412,6.2967958,31.700352,49.953518,18.970455,50.754089,540.90051,1728.5652,97.568901
1995,1,97,0,2,122.18762,165.64322,66.868576,5.0553832,41.966835,50.940304,34.45525,59.879486,654.60968,2349.3152,149.40923
1995,1,97,0,3,117.35574,150.92096,72.153587,3.9672952,42.720188,56.086277,62.847408,67.58062,756.82233,2726.5129,195.73172
1995,1,97,0,999,111.02551,158.30772,71.826805,4.8777599,39.987728,52.871799,42.868389,61.060871,671.9447,2368.3433,157.19666
1995,1,97,1,1,108.41853,143.62726,62.246277,4.3612971,44.432072,80.219574,37.305748,60.667389,699.9024,2320.0132,181.50639
1995,1,97,1,2,137.13934,149.57608,47.216652,3.7103109,46.998436,68.950401,57.256432,67.724663,785.88464,2877.1929,234.72574
1995,1,97,1,3,119.24849,142.11118,43.266403,3.2931259,46.117504,70.086075,87.370667,72.475945,835.19641,3004.853,253.47763
1995,1,97,1,999,123.94015,144.7852,46.839489,3.5593224,46.211727,70.909691,71.365677,69.48661,802.659,2880.897,238.66812
1995,1,97,999,1,95.189705,151.78743,70.49379,5.3047328,38.226143,65.466743,28.368425,55.835266,622.3988,2031.7189,140.59206
1995,1,97,999,2,131.88455,155.22287,54.123314,4.1830363,45.23008,62.62075,49.24295,64.967468,739.74805,2691.6702,204.74124
1995,1,97,999,3,118.72122,144.56534,51.31358,3.4809308,45.171104,66.186119,80.539162,71.112236,813.36353,2927.3152,237.3912
1995,1,97,999,999,119.6053,149.3241,55.226578,4.0018611,44.12262,64.855209,61.800457,66.658478,758.7843,2708.8564,211.32191
1995,1,999,0,1,73.343079,166.27676,34.724739,8.1283293,28.536171,123.12877,15.430983,45.56498,426.22238,1762.1643,50.334141
1995,1,999,0,2,101.88915,211.62183,37.256828,7.0557051,46.268353,121.53902,20.439919,48.627144,453.07391,1719.7699,69.945732
1995,1,999,0,3,116.64922,215.51546,50.144863,8.3989906,53.132069,113.05946,32.791828,52.299873,527.82275,2025.2319,95.175613
1995,1,999,0,999,93.410683,193.5564,39.227348,7.8205466,40.459755,120.21062,21.247597,48.208939,459.41022,1809.3405,67.668961
1995,1,999,1,1,94.515427,157.55154,41.155056,8.0054407,38.332634,164.65903,28.678131,53.609085,507.30624,1860.6519,76.805794
1995,1,999,1,2,122.96688,180.86761,40.849072,6.7632365,54.507042,163.51932,42.651421,59.3922,590.86145,2180.4006,118.87484
1995,1,999,1,3,124.06577,172.4126,43.815197,7.5189419,58.829235,160.51161,64.798027,64.124001,692.14569,2575.916,154.99908
1995,1,999,1,999,115.00551,171.01021,41.995621,7.3971558,51.298344,162.78239,46.439095,59.380138,602.41479,2227.4348,119.39378
1995,1,999,999,1,81.057259,163.09772,37.067635,8.0835552,32.10553,138.26039,20.257601,48.495861,455.76541,1798.0483,59.97913
1995,1,999,999,2,111.42638,197.70618,38.882244,6.9233689,49.996189,140.53423,30.490164,53.498108,515.41992,1928.1957,92.085136
1995,1,999,999,3,120.75224,191.66988,46.643131,7.9121251,56.283878,139.31117,50.498451,58.84127,618.73029,2329.884,128.27145
1995,1,999,999,999,103.12234,183.4169,40.472301,7.6301389,45.334099,139.35605,32.576748,53.232864,523.72241,1997.3665,90.93071
1995,999,2,0,1,60.399887,81.867355,15.769376,9.2666502,9.9275322,63.233379,17.043413,45.076916,507.78485,2120.2986,63.973392
1995,999,2,0,2,89.708519,121.42158,20.09408,8.2036076,17.702261,63.455124,24.276222,48.139896,577.13348,1876.4058,99.102463
1995,999,2,0,3,108.886,130.91301,28.301386,12.790443,21.559738,57.635223,39.961891,50.694725,683.65656,2158.572,142.41231
1995,999,2,0,999,79.720062,104.65095,19.699799,9.6263885,14.805729,62.18203,24.010183,47.20657,565.77496,2048.2109,91.210587
1995,999,2,1,1,81.058212,81.084,18.984001,9.5173016,13.871443,83.941322,30.152233,53.103931,606.76251,2096.9014,98.655167
1995,999,2,1,2,116.00079,106.60457,23.141045,8.3935442,22.414913,87.817215,49.622669,58.849144,744.04779,2180.5984,175.31697
1995,999,2,1,3,127.93288,103.33532,28.17305,11.991925,26.366875,89.450836,83.488846,62.604919,903.91541,2570.9839,255.55745
1995,999,2,1,999,106.96706,96.410194,23.150467,9.8791523,20.516649,86.908241,52.757256,57.902206,742.46436,2267.5422,171.72227
1995,999,2,999,1,67.51841,81.597427,16.877083,9.3530207,11.286539,70.368996,21.560497,47.842896,541.89093,2112.2363,75.924164
1995,999,2,999,2,100.647,115.25719,21.361723,8.2826281,19.662886,73.590591,34.821213,52.59531,646.57556,2002.9603,130.8103
1995,999,2,999,3,118.54054,116.93435,28.236334,12.385688,23.996393,73.762016,62.024963,56.7318,795.302,2367.6165,199.76366
1995,999,2,999,999,90.821846,101.29324,21.105772,9.7293768,17.132643,72.256721,35.723179,51.564507,637.76703,2137.5774,124.01508
1995,999,7,0,1,75.423393,143.60327,31.267271,7.3807611,26.556755,179.39973,19.901857,46.11256,438.05173,1702.7965,64.510849
1995,999,7,0,2,105.37424,191.01062,35.269184,6.6505342,46.824802,180.79054,27.311684,48.543549,460.28217,1548.1821,92.676674
1995,999,7,0,3,121.52715,195.62984,51.117638,10.671603,55.002449,164.57979,44.760597,51.050121,531.17767,1773.479,128.49115
1995,999,7,0,999,95.300179,170.61713,36.829933,7.8335528,39.423,176.72148,27.675747,47.979717,465.31235,1665.7291,87.582123
1995,999,7,1,1,96.205879,136.79939,38.327091,7.5772586,35.273586,220.97137,36.764866,53.688656,507.56769,1720.8937,98.046463
1995,999,7,1,2,122.66073,158.3656,40.661503,7.1896286,53.998535,229.44475,59.061108,58.609436,582.44244,1832.2372,159.33492
1995,999,7,1,3,124.70798,141.25076,47.850964,10.909419,59.075619,231.42751,96.751892,62.783283,704.28992,2182.5164,222.45877
1995,999,7,1,999,114.13154,145.595,42.079578,8.4759531,49.085148,227.12389,63.011539,58.197693,594.24536,1902.156,157.6564
1995,999,7,999,1,82.691994,141.22363,33.736416,7.4494853,29.605434,193.93927,25.799633,48.762272,462.36469,1709.126,76.239807
1995,999,7,999,2,112.58054,177.40175,37.517101,6.8752689,49.815346,201.07323,40.547203,52.739758,511.20767,1666.5974,120.46478
1995,999,7,999,3,123.13427,168.15477,49.467148,10.791759,57.060421,198.35466,71.029243,56.97831,618.64276,1980.1454,175.96837
1995,999,7,999,999,103.05505,160.31287,38.991772,8.0980968,43.401936,197.47751,42.227245,52.187546,518.40778,1763.0913,116.43915
1995,999,12,0,1,69.729813,152.4073,34.37989,6.702951,28.56039,220.72313,17.703955,45.940441,414.34634,1632.9622,57.322174
1995,999,12,0,2,94.581093,190.4306,37.844891,6.0364213,49.730972,232.39734,24.520844,48.644104,430.84631,1529.0161,81.903091
1995,999,12,0,3,107.74654,191.1709,54.834785,8.6963053,58.926422,215.01367,39.86536,51.281647,494.39816,1765.0911,112.76976
1995,999,12,0,999,86.193375,173.4649,39.902714,6.9030466,42.155346,223.43788,24.718775,47.988243,436.95004,1626.1027,77.406868
1995,999,12,1,1,88.079178,143.51256,42.44186,6.8017612,38.788586,271.53134,33.132435,53.611336,478.49585,1667.698,86.450027
1995,999,12,1,2,109.02986,157.02003,43.811897,6.2431793,58.925171,287.9415,52.419426,58.749882,541.81909,1818.6324,137.53117
1995,999,12,1,3,109.77156,140.4447,49.179825,8.5383263,65.171593,288.35284,82.746254,62.659111,645.78845,2165.2898,187.7395
1995,999,12,1,999,102.15498,147.19511,45.044384,7.1584792,54.067192,282.50296,55.46423,58.242306,553.20715,1877.0311,136.07367
1995,999,12,999,1,76.254494,149.24451,37.246574,6.7380862,32.197338,238.78955,23.190025,48.668064,437.15668,1645.3135,67.679482
1995,999,12,999,2,100.76932,176.12126,40.400482,6.1249728,53.668732,256.18622,36.469463,52.972279,478.37454,1653.0552,105.72791
1995,999,12,999,3,108.80138,164.74722,51.889072,8.6140127,62.179577,253.21661,62.202351,57.208256,573.25854,1973.5576,151.82207
1995,999,12,999,999,92.94072,162.36005,42.076221,7.011024,47.190765,248.40608,37.715607,52.322876,486.09467,1732.176,102.2067
1995,999,17,0,1,68.381752,162.38,35.347542,6.6956964,29.171553,205.95337,15.801702,45.957447,403.68771,1621.3938,50.323101
1995,999,17,0,2,91.17643,198.12161,37.950233,5.9644809,50.204384,217.53714,21.498354,48.660923,417.0676,1542.5094,70.763367
1995,999,17,0,3,103.22446,198.21074,54.430721,7.8077159,59.677597,203.77625,34.524921,51.425533,475.43939,1785.1998,96.846466
1995,999,17,0,999,83.735947,182.3616,40.389244,6.6886039,42.981155,209.42711,21.819452,48.069275,423.86902,1630.1733,67.417976
1995,999,17,1,1,85.853638,151.44456,43.514057,6.7615523,40.068169,262.08505,29.801537,53.695057,466.81253,1672.3126,76.096725
1995,999,17,1,2,104.95968,162.84488,43.649662,6.0529747,60.216454,279.0787,45.7286,58.782589,525.1286,1861.1631,119.00818
1995,999,17,1,3,105.27446,147.47845,48.826664,7.4796267,66.890961,280.53049,70.732628,62.876495,619.16418,2208.2441,160.63216
1995,999,17,1,999,98.785019,154.12869,45.279896,6.7472758,55.756802,273.96582,48.58532,58.435688,536.39215,1911.4061,118.37691
1995,999,17,999,1,74.664352,158.44781,38.284084,6.7193775,33.089794,226.13739,20.835808,48.739761,426.38635,1639.7034,59.590862
1995,999,17,999,2,97.174751,182.76961,40.430561,6.0029926,54.561523,244.31934,32.043079,53.065758,464.09451,1681.1838,91.758957
1995,999,17,999,3,104.30804,171.39487,51.468552,7.6342959,63.49041,244.34671,53.663452,57.478241,551.40887,2008.8109,130.56207
1995,999,17,999,999,90.208008,170.21964,42.492535,6.7138362,48.475498,237.18286,33.330486,52.527493,472.26114,1751.1213,89.333572
1995,999,22,0,1,70.371933,178.45735,34.69051,6.8718562,30.872654,166.74045,13.925424,45.579552,393.03137,1604.4449,43.268162
1995,999,22,0,2,92.722923,217.7093,36.047703,5.9276009,52.130535,170.24432,17.983915,47.946342,401.17307,1544.2528,58.65266
1995,999,22,0,3,104.74781,219.43881,51.764347,7.21838,61.43388,160.94748,28.499842,50.778664,454.42633,1780.4731,79.666557
1995,999,22,0,999,86.029449,201.539,39.054302,6.6200371,45.278542,166.64844,18.666157,47.592602,409.8653,1623.4509,56.94619
1995,999,22,1,1,87.735611,165.60889,42.797112,6.9626403,41.653824,223.45039,26.541052,53.270348,457.21381,1683.3214,66.250786
1995,999,22,1,2,106.77761,178.95125,41.957359,6.0569186,61.545631,236.54477,39.40889,58.163467,512.20978,1908.4891,102.29614
1995,999,22,1,3,107.11522,163.70578,46.597355,6.9990654,68.093315,241.61896,60.596554,62.593891,601.58221,2261.3752,137.79225
1995,999,22,1,999,100.92699,169.69894,43.76466,6.6541204,57.495808,234.13313,42.431255,58.105774,524.73376,1955.4297,102.82279
1995,999,22,999,1,76.631645,173.82539,37.612988,6.9045844,34.759331,187.18474,18.473434,48.352131,416.16953,1632.8804,51.553539
1995,999,22,999,2,98.827393,200.87526,38.614483,5.9837685,56.21986,199.04105,27.28957,52.384014,449.40042,1702.454,77.608627
1995,999,22,999,3,105.99335,190.11655,49.045887,7.102994,64.937546,203.39035,45.386562,56.994888,531.84796,2033.4854,110.24765
1995,999,22,999,999,92.460968,187.79311,41.087841,6.6347513,50.55294,195.78271,28.925951,52.131313,459.45593,1766.7716,76.751892
1995,999,27,0,1,72.681091,191.23259,34.628265,7.3035312,31.224916,133.79736,12.980974,45.622509,390.29391,1614.1814,38.669281
1995,999,27,0,2,95.01181,232.78146,35.195484,6.2267056,51.692009,134.22508,16.384672,47.902397,397.78568,1576.4014,51.425144
1995,999,27,0,3,107.21896,235.0394,49.756573,7.1675286,60.826797,130.1642,25.897551,51.150333,451.2106,1822.5662,69.894203
1995,999,27,0,999,88.762115,216.33318,38.394871,6.888484,45.479977,133.09337,17.235266,47.735992,407.31305,1649.8481,50.56411
1995,999,27,1,1,90.488747,176.67905,43.02494,7.3679848,42.134914,187.7563,25.14397,53.480362,456.5361,1716.6757,60.044575
1995,999,27,1,2,110.13786,191.33273,41.457233,6.3594046,61.372768,199.31816,36.824619,58.417416,514.06281,1983.7302,92.237846
1995,999,27,1,3,110.13284,175.90657,46.138905,7.0063634,67.670815,209.44925,56.170738,63.231407,604.26385,2354.9773,123.6778
1995,999,27,1,999,104.22166,181.64088,43.531845,6.8844724,57.738155,199.30626,39.931648,58.579361,527.6264,2030.4384,93.310684
1995,999,27,999,1,79.150864,185.94508,37.678898,7.3269477,35.188679,153.40143,17.399967,48.477383,414.36063,1651.4189,46.435234
1995,999,27,999,2,101.62526,214.65912,37.933266,6.2847242,55.92466,162.68527,25.321487,52.499802,448.62469,1754.4949,69.269394
1995,999,27,999,3,108.76199,203.72612,47.84087,7.0821853,64.450989,172.14891,41.928452,57.54776,532.25861,2104.4998,98.374832
1995,999,27,999,999,95.510925,201.1884,40.637402,6.8867331,50.831238,161.99835,27.143286,52.469624,459.83542,1815.9934,69.224968
1995,999,32,0,1,74.084267,195.5952,36.269985,8.07728,30.107437,113.16905,12.926839,46.000172,397.99731,1653.4037,37.196938
1995,999,32,0,2,96.692574,236.69434,36.803909,7.0193815,49.369045,114.97561,16.478827,48.865387,410.22446,1652.7488,49.988506
1995,999,32,0,3,108.50992,236.8222,52.963451,7.8139915,58.563053,114.88644,26.45787,52.54007,470.26987,1940.0859,69.0765
1995,999,32,0,999,90.46891,220.19136,40.515835,7.6380582,43.854282,114.22717,17.474752,48.605656,419.89636,1722.8344,49.480831
1995,999,32,1,1,92.671677,180.20583,44.706234,8.0301609,41.735256,163.52849,24.888588,54.230728,467.24744,1780.8654,58.10561
1995,999,32,1,2,113.26239,194.94928,42.302273,6.9474654,60.340355,175.68578,36.261028,59.738785,530.90497,2105.792,89.627747
1995,999,32,1,3,111.76424,179.86539,46.885052,7.3733244,66.953827,186.63672,54.711163,64.95536,622.81085,2495.2065,119.15347
1995,999,32,1,999,106.84498,185.28746,44.645504,7.410419,57.422909,176.17679,39.687889,60.053482,545.97552,2153.895,91.31002
1995,999,32,999,1,80.938866,189.91997,39.381077,8.0599041,34.395504,131.74043,17.338051,49.035404,423.53513,1700.4084,44.907566
1995,999,32,999,2,104.15676,217.88948,39.28075,6.9869857,54.311275,142.32365,25.390093,53.763515,464.58728,1856.8307,67.844749
1995,999,32,999,3,110.30211,205.4554,49.616001,7.571311,63.183952,154.40018,42.017296,59.377316,554.276,2245.7974,96.654488
1995,999,32,999,999,97.865135,204.42705,42.380993,7.5352449,49.982533,142.20662,27.507286,53.776051,476.83984,1917.5222,68.372925
1995,999,37,0,1,75.191307,197.43343,37.288261,8.9909878,28.980812,97.63546,12.942032,46.466778,407.16809,1697.4823,36.821072
1995,999,37,0,2,98.390724,238.42107,37.867382,7.8194685,47.286709,100.00773,16.611086,49.57618,423.03928,1724.3899,50.13562
1995,999,37,0,3,110.20404,237.59865,53.864422,8.2941628,56.781376,101.98879,26.820612,53.969673,487.62769,2049.0356,70.140541
1995,999,37,0,999,92.109749,221.91652,41.624695,8.4036741,42.373764,99.558174,17.696962,49.434841,432.82788,1794.6146,49.827496
1995,999,37,1,1,94.73304,182.69485,45.433399,8.7460146,41.287369,144.24823,24.507191,54.869011,477.72729,1842.7637,57.446957
1995,999,37,1,2,116.76096,198.85385,42.522167,7.4373913,59.669502,155.07156,35.37278,60.812469,544.47003,2213.4155,88.582108
1995,999,37,1,3,114.62413,185.43085,45.42503,7.5026197,66.623894,164.85571,52.796814,66.074776,635.63251,2615.9897,117.15281
1995,999,37,1,999,109.95073,189.37367,44.413414,7.818625,57.291447,155.82343,39.002956,61.183544,560.76727,2264.6995,90.905708
1995,999,37,999,1,82.460793,191.9507,40.318237,8.8998585,33.558826,114.97532,17.244249,49.592392,433.41599,1751.5267,44.493862
1995,999,37,999,2,106.8593,220.1808,40.013214,7.643333,52.995106,125.39185,25.260122,54.756046,479.01819,1949.8281,67.859238
1995,999,37,999,3,112.71222,207.99594,49.07547,7.8449998,62.366524,137.66272,41.560848,60.83873,571.61328,2370.7546,96.817726
1995,999,37,999,999,100.38213,206.82727,42.917751,8.1324024,49.290695,125.64687,27.575983,54.882401,492.14996,2012.5804,68.874367
1995,999,42,0,1,76.60878,206.93372,36.27449,9.3101416,29.022957,81.388802,12.301703,46.177944,406.02905,1697.7516,35.454922
1995,999,42,0,2,100.36523,251.25284,36.193882,7.9265842,46.779198,81.169853,15.286453,49.040009,419.92181,1736.2899,47.538105
1995,999,42,0,3,112.91135,251.97223,49.343292,7.9810586,55.921047,83.679527,24.484051,53.605732,483.2962,2066.229,66.631386
1995,999,42,0,999,94.406754,234.32695,39.592598,8.4746799,42.265362,81.897118,16.48967,49.104355,430.78864,1805.9097,47.763031
1995,999,42,1,1,97.107697,192.32529,44.15387,9.0552397,41.274849,124.31493,23.316242,54.65456,477.91846,1864.8136,55.881413
1995,999,42,1,2,120.56121,211.50989,41.300655,7.5016484,58.960861,132.21179,32.988319,60.62439,544.3111,2263.6699,85.784027
1995,999,42,1,3,119.19159,199.06462,43.706081,7.3198414,65.65062,141.69891,49.147305,66.080811,635.1084,2676.3728,114.02916
1995,999,42,1,999,113.85521,201.67314,42.976681,7.8411484,56.871178,133.77628,36.648563,61.147915,561.70422,2317.1477,88.757576
1995,999,42,999,1,84.229454,201.50288,39.203728,9.2153788,33.577721,97.347023,16.396467,49.329212,432.75464,1759.8585,43.048672
1995,999,42,999,2,109.6656,232.95099,38.545582,7.7308993,52.388927,104.67496,23.438265,54.374683,477.20383,1979.1515,65.150574
1995,999,42,999,3,116.46199,222.05992,46.156189,7.6072268,61.421841,116.48186,38.427879,60.658745,569.12604,2411.1851,93.428596
1995,999,42,999,999,103.43844,219.16283,41.164139,8.1804743,49.048168,105.98932,25.851274,54.697273,491.58463,2043.3239,66.800522
1995,999,47,0,1,76.74968,204.25215,36.777023,10.033269,27.773373,73.374023,12.919531,46.620056,417.33426,1743.0784,36.500206
1995,999,47,0,2,101.97559,248.25494,36.887184,8.4279861,44.806408,74.047424,16.182896,50.001144,437.29135,1814.0063,50.318729
1995,999,47,0,3,114.24627,249.09932,45.633709,8.0517616,53.947178,77.33812,25.450666,54.795036,503.46948,2165.9458,70.034401
1995,999,47,0,999,95.45018,231.53516,39.115299,8.9482794,40.622364,74.642433,17.332489,49.944042,446.78809,1878.0629,50.117275
1995,999,47,1,1,98.132851,190.46135,44.077316,9.5136147,40.941162,114.21394,23.805431,55.223152,492.11111,1932.4121,58.409966
1995,999,47,1,2,123.49168,210.50208,41.494938,7.5728011,57.761219,120.02476,33.190712,61.758556,566.67236,2397.0703,90.524414
1995,999,47,1,3,121.83116,201.97653,41.300278,6.9864197,64.150002,127.11691,48.307644,67.01931,651.24103,2784.8633,116.67409
1995,999,47,1,999,116.4818,202.10982,42.06493,7.8271561,56.073666,121.37352,36.817337,62.201572,581.43475,2434.0095,92.819496
1995,999,47,999,1,84.776855,199.07512,39.517532,9.838192,32.716518,88.7052,17.006065,49.849632,445.40527,1814.1536,44.725063
1995,999,47,999,2,112.28393,230.16757,39.094753,8.0182676,51.013039,96.075111,24.33132,55.634106,499.27762,2093.3516,69.58123
1995,999,47,999,3,118.6797,221.55573,43.100788,7.4290619,59.910809,106.4342,38.810745,61.94022,589.84308,2527.7078,97.295654
1995,999,47,999,999,105.54767,217.40776,40.531448,8.410017,48.040684,97.078476,26.687351,55.828999,511.43326,2144.9783,70.619026
1995,999,52,0,1,76.1436,201.21686,38.046062,10.394938,26.615492,66.857643,13.125994,46.903221,427.33057,1754.6699,37.824196
1995,999,52,0,2,102.43435,245.40657,38.253368,8.8419914,42.662518,67.642159,16.434092,50.302547,448.72101,1834.3594,51.980606
1995,999,52,0,3,115.63707,248.4202,49.232914,8.253149,51.449707,70.285828,25.294827,55.008217,513.60797,2194.988,71.411545
1995,999,52,0,999,95.534622,228.91956,40.971977,9.2982512,38.636944,68.009895,17.401634,50.175011,456.91321,1895.1947,51.40723
1995,999,52,1,1,98.658432,189.11807,45.262882,9.8567877,39.637173,105.22131,23.701101,55.379181,502.79181,1953.0316,59.949066
1995,999,52,1,2,126.5225,211.13731,42.824348,7.7281322,55.922497,109.93839,32.944031,62.004265,578.77991,2435.8171,92.285957
1995,999,52,1,3,125.86446,205.28465,43.786572,6.942595,61.935326,115.32635,47.491211,67.166954,661.1875,2830.2917,117.94173
1995,999,52,1,999,119.1838,203.25899,43.819283,7.9629173,54.127464,110.84003,36.266171,62.333118,591.59381,2466.8992,94.069176
1995,999,52,999,1,84.56736,196.69019,40.746181,10.193593,31.487461,81.211136,17.082594,50.07444,455.56384,1828.8855,46.102058
1995,999,52,999,2,113.99059,228.96597,40.446289,8.30762,49.023964,87.933685,24.354702,55.916424,511.11652,2122.9075,71.317017
1995,999,52,999,3,121.61061,223.22585,46.051846,7.4876885,57.574078,96.592819,38.259151,62.109814,599.8053,2566.0522,98.588608
1995,999,52,999,999,106.85643,216.63481,42.335098,8.6589727,46.052879,88.514404,26.432846,55.995586,521.3902,2168.8926,71.831215
1995,999,57,0,1,76.098404,202.4507,39.534817,10.158344,26.765749,59.577236,12.967397,47.045509,432.38498,1744.9022,39.532291
1995,999,57,0,2,103.47501,245.31732,39.449886,8.6688719,42.405762,58.849564,16.328878,50.69635,457.298,1866.976,54.645138
1995,999,57,0,3,115.72757,246.27415,53.241394,8.0926971,51.273026,58.7882,24.72707,55.629158,523.18463,2234.7959,76.956802
1995,999,57,0,999,96.431229,229.42496,43.161304,9.076232,38.879936,59.107304,17.303171,50.637115,465.49124,1919.1217,54.904713
1995,999,57,1,1,99.075157,190.8246,46.43544,9.5029516,40.297333,92.74102,23.440229,55.660278,511.91507,1978.2803,63.529755
1995,999,57,1,2,128.3589,212.85306,42.854191,7.4730873,55.883377,94.04792,32.259167,62.363514,590.24786,2487.5833,96.374718
1995,999,57,1,3,126.12569,206.71742,45.307438,6.7877603,62.296898,94.172539,45.290028,67.461823,666.36816,2855.7949,123.02247
1995,999,57,1,999,120.36972,205.04942,44.708931,7.6886458,54.691753,93.78167,35.370068,62.793083,601.92755,2512.5112,99.150551
1995,999,57,999,1,84.829742,198.0327,42.157104,9.9092894,31.90785,72.179726,16.947151,50.319187,462.60699,1833.5876,48.651508
1995,999,57,999,2,115.60007,229.4986,41.108688,8.0862064,48.972942,76.000526,24.091166,56.381359,522.07996,2169.3767,74.978539
1995,999,57,999,3,121.86246,222.93573,48.560368,7.3227859,57.777103,79.664932,36.8592,62.610424,607.66284,2601.1848,104.13551
1995,999,57,999,999,108.11623,217.52663,43.91674,8.3989143,46.598099,76.032776,26.122097,56.570763,532.08936,2208.7708,76.502266
1995,999,62,0,1,75.934601,202.36684,40.507015,9.9720287,26.677198,54.398849,12.807611,47.102894,436.02823,1735.7396,41.004959
1995,999,62,0,2,104.12342,244.31195,40.538563,8.345603,41.917229,53.097248,16.134521,50.745811,462.49423,1877.6244,56.589249
1995,999,62,0,3,116.5054,245.55765,53.919575,7.6415539,50.100552,53.691883,24.56225,55.543987,527.58557,2238.7397,79.126877
1995,999,62,0,999,96.983444,229.07632,44.118717,8.7603426,38.456787,53.740017,17.161829,50.681534,470.14252,1921.891,56.854145
1995,999,62,1,1,99.413185,190.48068,46.836437,9.2336588,40.082207,86.057205,23.072212,55.686901,519.4704,1994.4279,67.476089
1995,999,62,1,2,129.88313,211.46881,43.5597,7.1511192,54.949585,86.300369,31.864079,62.427155,599.15466,2525.9438,101.84354
1995,999,62,1,3,127.94036,205.66718,46.410168,6.3610992,60.626446,87.301064,45.386833,67.424538,675.203,2869.4058,128.32486
1995,999,62,1,999,121.85189,204.1402,45.486626,7.3285947,53.697411,86.645302,35.215412,62.835045,610.80682,2537.7351,104.32602
1995,999,62,999,1,84.911026,197.82248,42.926907,9.6897326,31.802254,66.502594,16.732014,50.384766,467.93018,1834.6423,51.125507
1995,999,62,999,2,116.76451,228.19481,42.02113,7.7594333,48.312611,69.391052,23.853504,56.47821,529.55774,2195.7749,78.796944
1995,999,62,999,3,123.26942,221.96155,49.477592,6.8841362,56.326847,73.572449,36.880447,62.57159,614.90454,2611.7925,108.22856
1995,999,62,999,999,109.2009,216.82562,44.790749,8.0569487,45.944252,69.905838,26.031256,56.652355,539.2486,2224.4451,80.176292
1995,999,67,0,1,75.613579,199.65254,41.870274,9.5177479,26.666323,51.092522,13.152815,47.386513,443.64523,1732.877,44.092739
1995,999,67,0,2,105.24862,238.50722,41.790707,7.9471645,41.574257,49.587105,16.854721,51.485268,477.75049,1930.2012,62.459515
1995,999,67,0,3,115.97692,235.81764,56.071072,7.1401076,49.417542,50.556816,26.174444,57.050549,550.28802,2323.5752,89.515244
1995,999,67,0,999,97.753357,223.91649,45.878963,8.2765932,38.499275,50.398483,18.187056,51.608986,486.23706,1971.8225,63.615887
1995,999,67,1,1,99.649933,187.0658,47.756161,8.6525364,40.695221,81.138245,23.723471,56.39217,534.7348,2034.423,74.756294
1995,999,67,1,2,130.78938,205.87247,43.680149,6.6478162,54.524818,79.892204,32.887775,63.30801,620.27106,2601.0986,112.51649
1995,999,67,1,3,126.25395,199.10312,45.20462,5.8948007,59.407787,80.007233,46.851288,68.324905,694.40167,2925.6069,140.62924
1995,999,67,1,999,122.03079,198.87175,45.221771,6.7680397,53.563118,80.214462,36.804855,63.920292,632.97266,2614.5161,116.16551
1995,999,67,999,1,85.064964,194.70328,44.184677,9.177536,32.182655,62.906864,17.309324,50.927647,479.46274,1851.4485,56.150021
1995,999,67,999,2,118.26726,221.87263,42.753796,7.2848606,48.175419,65.034218,25.02709,57.511559,550.39606,2272.1711,87.974556
1995,999,67,999,3,122.25384,213.39345,49.434151,6.3795094,55.519299,68.544296,38.803272,63.936604,638.30859,2691.2793,120.73423
1995,999,67,999,999,110.193,211.08368,45.542221,7.5036173,46.217918,65.676056,27.72673,57.917244,561.42371,2301.1357,90.542068
1995,999,72,0,1,75.255104,196.82809,42.28569,9.2349472,26.620811,48.68745,13.413585,47.501377,450.09201,1728.8386,47.140213
1995,999,72,0,2,107.05599,232.89279,42.081177,7.4754553,41.186695,47.248997,17.704699,51.857838,491.81387,1966.8472,67.888733
1995,999,72,0,3,117.26006,228.63945,49.868076,6.5450535,48.186253,49.760651,28.378325,57.655609,570.12616,2355.7622,96.390343
1995,999,72,0,999,99.039513,219.18793,44.42194,7.812346,38.192894,48.478374,19.33321,52.042324,500.22372,1997.9637,69.026443
1995,999,72,1,1,100.52518,183.71143,47.436119,8.174799,40.754688,78.513855,24.668226,56.773415,549.77747,2065.738,82.630692
1995,999,72,1,2,133.40399,199.52364,43.31131,6.1643424,53.360867,76.350349,34.831856,63.904724,643.26807,2670.21,124.24045
1995,999,72,1,3,127.67366,192.12238,42.738628,5.3845959,57.293114,78.312302,50.6833,69.081467,718.17682,2974.4292,151.86269
1995,999,72,1,999,124.09843,193.03426,43.918747,6.2433581,52.450481,77.649826,39.596008,64.669731,656.35059,2676.7061,127.58423
1995,999,72,999,1,85.368736,191.57851,44.347,8.8106518,32.277496,60.624622,17.917936,51.212246,489.98828,1863.6731,61.344276
1995,999,72,999,2,120.85612,215.41522,42.725475,6.7887411,47.563087,62.491238,26.675289,58.167561,571.14014,2335.2434,97.40374
1995,999,72,999,3,123.74895,205.88504,45.425594,5.8219523,53.860897,67.551682,42.276943,64.775261,662.37915,2741.2644,130.95613
1995,999,72,999,999,112.23164,205.41949,44.15704,6.9863615,45.698719,63.835518,30.000444,58.689953,582.41583,2355.2837,99.853851
1995,999,77,0,1,74.224449,196.74034,42.598423,8.7381792,26.443918,45.575027,13.131172,46.983784,448.65164,1678.3378,49.015945
1995,999,77,0,2,105.65194,231.98645,43.036469,7.0639663,40.309258,44.110344,17.515354,50.902237,488.7056,1908.4963,70.052284
1995,999,77,0,3,116.1455,225.98282,49.054459,6.0742416,46.71981,48.448627,29.896027,57.066742,574.11145,2306.1521,101.04395
1995,999,77,0,999,98.084122,218.23676,44.669598,7.3395877,37.497787,45.89241,19.692089,51.396561,500.3891,1948.0641,72.083488
1995,999,77,1,1,99.265701,182.59691,47.814198,7.702086,40.001606,74.938393,24.744514,56.196846,550.85333,2022.1775,88.198135
1995,999,77,1,2,131.87753,196.45691,44.760036,5.9162965,51.758228,73.651863,36.119873,63.246635,646.83466,2632.084,134.12268
1995,999,77,1,3,126.15792,186.85353,43.048214,5.0514307,55.05534,77.378014,54.885765,68.898438,730.0199,2948.7854,164.75774
1995,999,77,1,999,122.77557,189.40378,44.614513,5.8916178,50.856514,75.565262,42.163437,64.337601,664.45734,2649.9797,138.48433
1995,999,77,999,1,84.231583,191.08826,44.682781,8.3241291,31.861921,57.309391,17.772165,50.665558,489.49408,1815.745,64.674164
1995,999,77,999,2,119.35535,213.42154,43.937069,6.4642854,46.291576,59.546391,27.236593,57.352436,571.33124,2286.5857,103.53037
1995,999,77,999,3,122.42879,201.42726,45.285244,5.4323773,51.950768,66.603241,45.57832,64.491714,671.95166,2709.4363,141.0275
1995,999,77,999,999,111.14832,202.98128,44.640453,6.5734692,44.565868,61.59227,31.581644,58.243645,587.19733,2319.4465,107.21607
1995,999,82,0,1,75.869469,189.86537,45.991234,7.9597554,27.653046,45.008835,14.070925,47.944271,467.4711,1694.2501,57.414261
1995,999,82,0,2,111.7503,215.38104,44.759628,6.236692,41.318836,43.546803,20.306175,53.598621,532.04926,2073.4424,86.359833
1995,999,82,0,3,117.34573,205.71078,52.301285,5.2866559,46.96722,46.173126,33.742455,60.087746,620.01849,2458.8477,122.50355
1995,999,82,0,999,102.64806,204.45401,47.595829,6.4514561,38.999905,44.849148,22.791813,53.994095,541.08801,2083.7224,89.338783
1995,999,82,1,1,102.88058,173.45811,48.661034,6.5243349,42.442886,73.120483,27.298601,58.026478,591.70538,2144.4961,107.58981
1995,999,82,1,2,136.06886,183.50117,43.3353,5.0165696,51.846504,67.652847,39.129143,65.09655,691.37439,2776.2141,154.74829
1995,999,82,1,3,125.35508,175.76848,41.822433,4.3922977,54.318047,68.026482,56.6665,69.893639,756.51385,2988.96,182.42929
1995,999,82,1,999,125.31422,178.15465,43.55534,4.9875689,51.364941,68.776405,45.244934,66.103638,704.41321,2765.6257,159.45485
1995,999,82,999,1,87.569527,182.75845,47.147678,7.3379927,34.059368,57.185596,19.800587,52.311451,521.28406,1889.2773,79.148155
1995,999,82,999,2,125.53632,197.30858,43.95219,5.5450134,47.2869,57.212353,30.976782,60.116722,622.36957,2471.8389,125.12876
1995,999,82,999,3,122.60587,186.04619,45.419308,4.6992865,51.794876,60.525311,48.797813,66.527763,709.6618,2806.9988,161.85976
1995,999,82,999,999,115.62878,189.39259,45.281876,5.6131001,46.081261,58.55209,35.650528,60.929131,634.62299,2474.2429,129.49367
1995,999,87,0,1,77.369919,181.00989,50.877697,7.2421985,28.384037,46.437134,15.497228,48.951492,490.48721,1704.5463,68.682549
1995,999,87,0,2,116.03682,198.36681,48.463394,5.8045387,41.58606,45.62151,24.238251,55.949947,574.72662,2191.7529,105.29956
1995,999,87,0,3,118.13795,186.59508,54.878895,4.8083043,46.05492,48.80896,40.896156,62.800148,666.37988,2569.0242,144.83397
1995,999,87,0,999,106.08914,189.40092,51.401772,5.8494258,39.517494,46.975258,27.717571,56.439564,583.87592,2190.5789,109.1685
1995,999,87,1,1,105.45847,163.40157,50.507481,5.6549411,43.565075,74.039635,30.401278,59.42054,629.59113,2226.7278,129.13872
1995,999,87,1,2,137.6069,171.44109,43.469616,4.5232916,50.889889,66.695274,43.900009,66.440575,726.62103,2845.1587,177.96945
1995,999,87,1,3,124.06111,164.43802,41.645546,3.9719357,52.233143,67.415199,63.939186,70.722832,783.56274,3004.478,203.00238
1995,999,87,1,999,126.05,166.78392,43.658836,4.4275956,50.421619,68.174904,51.621075,67.455505,739.55103,2828.0601,182.7057
1995,999,87,999,1,90.382431,172.85252,50.706188,6.5068736,35.41692,59.224476,22.401791,53.80146,554.9295,1946.4561,96.689926
1995,999,87,999,2,128.99408,182.19241,45.463612,5.0348878,47.174915,58.280624,36.049164,62.25172,665.97034,2584.2568,148.95271
1995,999,87,999,3,122.17834,171.48102,45.85199,4.2377896,50.269291,61.500896,56.614574,68.204475,746.31427,2866.0618,184.51259
1995,999,87,999,999,118.23502,175.63879,46.690308,4.9842629,46.152493,59.874928,42.262497,63.142597,678.60187,2578.4766,153.91479
1995,999,92,0,1,79.060745,171.22861,63.701485,6.6360874,29.611357,48.408836,16.767447,49.96484,512.87054,1713.7947,80.91584
1995,999,92,0,2,118.53943,182.11494,56.886299,5.347734,41.862762,48.489723,28.305994,58.006477,610.39996,2270.4646,124.50909
1995,999,92,0,3,117.15985,168.11362,71.947464,4.4324718,44.858128,52.91711,49.738503,65.153427,707.49628,2642.9219,167.79161
1995,999,92,0,999,108.16428,174.01189,64.382072,5.3167472,39.960598,50.173458,33.677227,58.751797,623.44861,2274.9985,130.29643
1995,999,92,1,1,106.97835,153.24657,57.131695,4.9390125,44.433037,77.691628,33.141354,60.37167,662.15314,2280.0625,153.07947
1995,999,92,1,2,136.73235,159.90355,46.137661,4.1058955,49.565987,68.433334,49.158974,67.209175,752.96747,2865.7024,203.53357
1995,999,92,1,3,121.03223,152.79279,45.94043,3.6739008,49.841915,69.799347,73.625214,71.792732,807.10504,3002.9177,226.38614
1995,999,92,1,999,124.5914,155.33266,47.532021,3.9966035,49.009735,70.397224,59.589752,68.641212,768.51343,2856.7346,208.44667
1995,999,92,999,1,92.736877,162.41966,60.483112,5.8047338,36.872124,62.753735,24.78861,55.062885,586.00037,1991.1951,116.26698
1995,999,92,999,2,129.93527,168.20198,50.153473,4.5698605,46.687977,60.982185,41.368069,63.77095,699.70264,2643.3149,174.00916
1995,999,92,999,3,119.87861,157.35699,53.688156,3.8998857,48.357197,64.769974,66.50914,69.814819,777.4306,2895.6714,208.93028
1995,999,92,999,999,118.63898,162.10117,53.637707,4.4749627,45.730743,63.069065,50.200245,65.057747,715.94861,2645.9402,180.12862
1995,999,97,0,1,78.536011,158.96185,76.935165,6.4540195,30.089977,53.401493,18.527248,50.778156,537.90521,1690.1464,96.098953
1995,999,97,0,2,117.92579,165.01076,66.451759,5.2910299,41.528473,54.278381,33.060398,59.657734,642.38269,2291.3091,147.00589
1995,999,97,0,3,114.6451,150.62209,78.941055,4.2276959,43.358097,58.177338,60.333969,67.345474,743.43158,2677.875,194.22914
1995,999,97,0,999,107.38782,157.72475,73.998062,5.1285782,39.604053,55.665138,40.799385,60.72216,659.23151,2308.7124,154.39377
1995,999,97,1,1,105.39103,142.16229,63.618687,4.5382481,44.258842,86.924973,35.90509,60.604794,688.31311,2257.4451,177.90877
1995,999,97,1,2,133.77489,148.1338,48.300743,3.8518667,48.106537,73.996025,55.390007,67.849007,771.51215,2826.7288,232.55316
1995,999,97,1,3,117.27322,141.17523,46.922554,3.4279199,47.528824,73.114243,85.105721,72.660599,824.80835,2971.6609,253.80183
1995,999,97,1,999,121.33041,143.63542,49.471333,3.7090125,47.314297,75.135826,68.979469,69.538536,789.85693,2833.7578,237.1842
1995,999,97,999,1,92.138641,150.45253,70.190086,5.4836411,37.266808,70.381844,27.329493,55.755554,614.09003,1977.4951,137.53735
1995,999,97,999,2,128.11131,154.16467,54.786888,4.3661423,45.755905,66.95005,47.410667,64.921906,725.36853,2635.3999,201.9834
1995,999,97,999,3,116.52966,143.84795,55.981262,3.6541934,46.348835,68.888275,78.097267,71.15683,801.7851,2888.5425,236.94746
1995,999,97,999,999,116.5533,148.46281,57.874855,4.195394,44.672558,68.464638,59.324207,66.517807,745.10107,2653.8628,208.81796
1995,999,999,0,1,71.499634,165.84477,33.024841,8.1093645,26.258064,131.11989,15.248693,46.029636,425.68878,1726.9631,48.876862
1995,999,999,0,2,97.499268,210.57114,35.438461,7.0909986,44.526161,130.79233,19.965923,48.995026,446.97974,1681.3495,67.750305
1995,999,999,0,3,110.99426,214.38789,49.599022,8.5678988,53.015678,122.09852,31.742546,52.668247,514.19244,1976.1674,93.18026
1995,999,999,0,999,89.744949,192.69719,37.735863,7.8635139,38.845764,128.89755,20.739529,48.609455,453.75787,1769.4031,65.775826
1995,999,999,1,1,91.516113,157.04204,40.473293,8.0515623,36.865982,173.15512,28.182377,54.129158,499.11658,1822.7632,75.255714
1995,999,999,1,2,116.9955,179.02553,40.575954,6.9273133,54.748127,175.47864,41.548874,59.97147,573.44855,2129.7451,116.83854
1995,999,999,1,3,117.64967,169.57176,44.47311,7.8188305,60.901627,175.15703,62.918797,64.851494,670.90253,2520.2056,154.54445
1995,999,999,1,999,109.6688,169.16696,41.921474,7.5755553,51.616566,174.67589,45.129208,59.961525,585.80841,2176.5486,117.81713
1995,999,999,999,1,78.76474,162.64977,35.728306,8.0883846,30.108276,146.37683,19.943056,48.96941,452.33987,1761.7344,58.451233
1995,999,999,999,2,106.25021,196.41179,37.744438,7.0175281,49.114323,150.84991,29.653496,53.921833,503.74564,1882.6132,89.783707
1995,999,999,999,3,114.64809,189.78377,46.784889,8.1566591,57.345078,151.22772,48.858356,59.356869,600.2265,2274.8452,126.86929
1995,999,999,999,999,98.636345,182.19638,39.603771,7.7350068,44.544975,149.327,31.623882,53.675529,512.68793,1951.0994,89.000244
