year,superregion2,female,adult,urban,edu,v01_wt_median,v02_wt_median,v05_wt_median,v06_wt_median,v10_wt_median,v15_wt_median,v16_wt_median,v23_wt_median,v36_wt_median,v41_wt_median,v57_wt_median
1990,Asia,0,0,0,1,89.89064,233.39893,29.07436,4.7213812,65.60302,45.004917,10.138472,43.424263,381.1293,934.80701,35.06982
1990,Asia,0,0,0,2,107.60912,271.05798,30.111351,4.4904757,92.879456,51.874046,11.06085,43.193733,395.22726,971.95856,48.726933
1990,Asia,0,0,0,3,124.19777,282.01642,24.295307,4.6075954,94.289009,55.25061,14.433835,44.22097,431.10028,1046.5313,74.125809
1990,Asia,0,0,0,999,103.77175,257.93896,28.500565,4.6085591,82.044113,49.762486,11.373627,43.497551,396.80508,972.03943,48.34523
1990,Asia,0,0,1,1,109.77538,236.40764,32.896175,6.1456156,71.070587,52.503315,15.124276,45.881271,407.16644,1012.7567,51.264053
1990,Asia,0,0,1,2,132.12335,262.12064,36.996166,5.5797739,104.59615,77.829613,19.497683,48.532932,446.87991,1227.8292,86.195045
1990,Asia,0,0,1,3,152.36101,253.20337,37.218758,4.992888,122.24907,91.808762,31.015476,53.656319,516.6886,1527.813,145.46884
1990,Asia,0,0,1,999,129.49446,250.71381,35.605373,5.6269507,97.344849,72.519264,20.950371,48.929565,451.01807,1229.9177,89.280884
1990,Asia,0,0,999,1,95.542686,234.25412,30.160673,5.1262059,67.15712,47.136265,11.555638,44.122643,388.53009,956.96344,39.672874
1990,Asia,0,0,999,2,115.2914,268.2572,32.268921,4.8318405,96.551239,60.008022,13.704791,44.866936,411.41422,1052.1434,60.468719
1990,Asia,0,0,999,3,134.58205,271.39258,29.060406,4.7496595,104.59836,68.730232,20.547771,47.699947,462.65814,1223.988,100.43121
1990,Asia,0,0,999,999,111.8557,255.66829,30.733414,4.9286122,86.852722,56.914326,14.383339,45.204685,413.84274,1053.0836,61.210201
1990,Asia,0,1,0,1,76.213181,272.64087,25.908895,4.6358705,60.967075,31.643818,3.0670989,41.146751,278.70428,1003.5302,13.342224
1990,Asia,0,1,0,2,91.015327,311.22458,27.357264,4.3177528,84.913445,36.586807,3.2793107,41.411411,292.23764,1070.908,18.893757
1990,Asia,0,1,0,3,104.91992,319.88202,25.19706,4.3565364,88.370872,39.405716,4.5038471,43.086746,323.66092,1189.5333,29.44602
1990,Asia,0,1,0,999,88.181404,297.92554,26.325439,4.4510112,76.249039,35.249481,3.4583905,41.6665,293.65646,1069.8667,18.974741
1990,Asia,0,1,1,1,93.20945,274.4071,30.591635,5.8394861,66.69841,38.056,4.76723,44.082851,301.59839,1132.3203,20.183264
1990,Asia,0,1,1,2,111.37112,295.17651,38.707066,4.8373117,94.508064,57.312237,6.464046,48.533539,347.20444,1488.1593,37.175262
1990,Asia,0,1,1,3,127.15609,281.56244,44.776054,4.0245452,108.80163,65.697266,10.718873,54.526012,412.48801,1899.7745,63.736343
1990,Asia,0,1,1,999,110.10288,284.60574,37.856823,4.9240742,89.721344,53.562202,7.1462812,48.834572,351.40631,1492.7881,39.385288
1990,Asia,0,1,999,1,81.112869,273.15005,27.258839,4.9828496,62.619305,33.492325,3.5572135,41.993172,285.3042,1040.6578,15.314363
1990,Asia,0,1,999,2,97.759766,305.90741,31.117765,4.4898973,88.092407,43.453712,4.3345017,43.771168,310.44965,1209.1549,24.950926
1990,Asia,0,1,999,3,113.82362,304.53827,33.036781,4.2236018,96.551651,49.933247,6.9924364,47.667198,359.22861,1473.9246,43.17638
1990,Asia,0,1,999,999,95.458328,293.50397,30.153332,4.6080465,80.72123,41.328465,4.6826015,44.045971,312.82678,1210.2572,25.750109
1990,Asia,0,999,0,1,81.998764,256.04147,27.24789,4.6720419,62.928082,37.295582,6.0582995,42.110142,322.03021,974.46014,22.533028
1990,Asia,0,999,0,2,97.831757,294.72482,28.488592,4.3887043,88.185738,42.866535,6.4758301,42.143555,334.54395,1030.2612,31.148699
1990,Asia,0,999,0,3,112.67439,304.65067,24.834332,4.4575243,90.751434,45.779289,8.4981632,43.542984,366.87817,1132.0111,47.418369
1990,Asia,0,999,0,999,94.63369,281.37653,27.225647,4.5162144,78.647415,41.255894,6.7342224,42.424309,336.34598,1029.3795,31.130135
1990,Asia,0,999,1,1,100.13703,258.51636,31.555353,5.967504,68.526779,44.097614,9.0983658,44.834919,345.74509,1082.3209,33.18071
1990,Asia,0,999,1,2,119.48626,282.25009,38.038021,5.1276512,98.453003,65.335533,11.560832,48.533302,386.1824,1386.3577,56.344387
1990,Asia,0,999,1,3,136.49437,271.05554,41.976116,4.3833103,113.78382,75.371429,18.238653,54.203793,451.09372,1761.9647,94.017784
1990,Asia,0,999,1,999,117.75084,271.23889,36.968861,5.2012858,92.72802,61.038784,12.590556,48.872036,390.69275,1389.1132,59.0639
1990,Asia,0,999,999,1,87.196777,256.75073,28.482311,5.0432916,64.532539,39.244888,6.929513,42.891003,328.82635,1005.3705,25.584408
1990,Asia,0,999,999,2,104.84933,290.68213,31.583279,4.6281748,91.513054,50.148067,8.1237278,44.214283,351.27844,1145.6615,39.313869
1990,Asia,0,999,999,3,121.91786,291.61389,31.48629,4.4287252,99.68927,57.262672,12.278011,47.679966,399.55844,1376.4679,65.501518
1990,Asia,0,999,999,999,102.14095,278.08435,30.389738,4.7386904,83.22007,47.680355,8.6360579,44.518196,353.995,1146.2024,40.20158
1990,Asia,1,0,0,1,103.69278,237.03587,32.596043,4.6855793,64.757896,38.142044,10.665149,43.888649,406.20261,967.31726,35.827011
1990,Asia,1,0,0,2,124.81281,275.44012,33.510921,4.3749728,91.35144,43.909294,11.601162,43.389099,422.40765,1008.2953,50.006393
1990,Asia,1,0,0,3,144.27155,286.85168,26.181862,4.5199299,89.954552,46.340801,15.098344,44.310776,463.99588,1081.036,76.755371
1990,Asia,1,0,0,999,120.13199,262.04953,31.644876,4.5315623,80.186272,42.044495,11.929985,43.781086,424.24194,1006.3343,49.649181
1990,Asia,1,0,1,1,126.74409,240.66431,36.724682,6.0455213,69.296501,43.941936,15.877279,46.302574,436.96451,1047.5006,52.727154
1990,Asia,1,0,1,2,154.95509,268.14078,40.937992,5.4742994,100.86758,63.746193,20.351128,48.773426,486.957,1271.3586,90.842857
1990,Asia,1,0,1,3,181.31781,260.3616,40.681515,4.8500338,115.34538,73.880646,32.129593,53.694168,571.09888,1583.6844,156.41748
1990,Asia,1,0,1,999,151.79449,256.37878,39.377426,5.5148139,93.430687,59.354321,21.821968,49.174515,491.07007,1273.0483,94.348
1990,Asia,1,0,999,1,110.2427,238.06686,33.769173,5.072,66.047516,39.790054,12.14615,44.574551,414.94345,990.10089,40.629105
1990,Asia,1,0,999,2,134.25703,273.15311,35.837982,4.7194157,94.333054,50.124619,14.342713,45.076126,442.63235,1090.7188,62.801334
1990,Asia,1,0,999,3,157.93127,277.08423,31.528189,4.6416459,99.316681,56.495319,21.378124,47.77063,503.48697,1266.373,106.12846
1990,Asia,1,0,999,999,130.07828,260.26816,34.07394,4.840436,84.346802,47.482113,15.037401,45.475349,445.23499,1090.1184,63.690632
1990,Asia,1,1,0,1,88.28064,273.96579,30.163958,4.7255387,59.522202,26.89296,3.3112931,41.846329,299.37,1048.7205,13.847482
1990,Asia,1,1,0,2,105.92091,313.56418,31.71722,4.3519363,82.780251,30.92037,3.5490077,41.852139,315.33307,1121.2911,19.857306
1990,Asia,1,1,0,3,122.41014,323.18588,27.998663,4.3503909,83.587524,32.817928,4.8085365,43.278919,352.87234,1245.2333,31.519716
1990,Asia,1,1,0,999,102.47598,299.98401,30.310236,4.4991097,73.769981,29.735336,3.7240055,42.1544,317.04352,1119.0952,19.973927
1990,Asia,1,1,1,1,108.3679,276.60147,35.781666,5.8890252,64.181664,31.669399,5.0754924,44.744946,327.62634,1184.0237,21.33404
1990,Asia,1,1,1,2,131.62115,299.12012,44.836235,4.7740116,89.642944,46.059315,6.8292646,48.972221,387.68057,1573.1665,40.931145
1990,Asia,1,1,1,3,152.65794,287.05481,51.198753,3.9005241,100.91903,51.237663,11.135166,54.793335,468.12732,2010.2111,71.36879
1990,Asia,1,1,1,999,130.36168,288.4502,43.812962,4.873806,84.838264,42.99585,7.5265036,49.324989,392.03659,1576.8511,43.572147
1990,Asia,1,1,999,1,94.084435,274.72733,31.787079,5.0617042,60.868458,28.273014,3.821022,42.683826,307.53409,1087.8136,16.010569
1990,Asia,1,1,999,2,114.53184,308.72464,36.112782,4.4933538,85.079613,35.992714,4.6480665,44.23774,339.57327,1272.6931,26.918152
1990,Asia,1,1,999,3,134.75067,308.4451,37.463863,4.1668539,90.658455,40.332836,7.3896818,47.976585,399.8942,1557.3298,47.77739
1990,Asia,1,1,999,999,111.83185,296.11429,34.840504,4.6248231,77.483475,34.184341,4.999773,44.560184,342.20428,1272.6758,27.891314
1990,Asia,1,999,0,1,94.677193,258.63864,31.173353,4.7089543,61.69519,31.561705,6.3633885,42.693962,343.70911,1014.9354,22.969721
1990,Asia,1,999,0,2,113.54687,298.17493,32.441273,4.3612356,86.24012,36.163513,6.7993612,42.472553,358.55508,1075.6791,32.027367
1990,Asia,1,999,0,3,131.04482,308.83487,27.281078,4.4173541,86.102333,38.159096,8.8727312,43.686478,396.76312,1180.3799,49.386574
1990,Asia,1,999,0,999,109.65135,284.5675,30.852633,4.5122986,76.377548,34.737759,7.0589023,42.815479,360.60876,1073.2693,32.033901
1990,Asia,1,999,1,1,115.89044,261.89011,36.167702,5.9530888,66.27549,36.693325,9.4973469,45.38258,372.38535,1128.1361,34.185226
1990,Asia,1,999,1,2,140.48863,287.3472,43.354809,5.0401382,93.908577,52.780762,11.967905,48.896675,425.40805,1458.472,59.898819
1990,Asia,1,999,1,3,162.86691,277.54639,47.452396,4.2387505,106.05786,59.303356,18.613621,54.401798,504.80698,1858.2775,101.66411
1990,Asia,1,999,1,999,138.57288,276.16324,42.113651,5.1193848,88.130135,49.262993,13.003281,49.267345,429.97763,1460.4603,63.025032
1990,Asia,1,999,999,1,100.76437,259.57169,32.606491,5.0659609,63.009518,33.034233,7.2626829,43.465469,351.93784,1047.4186,26.188028
1990,Asia,1,999,999,2,122.34196,294.64023,36.003975,4.5828619,88.743477,41.588184,8.4866228,44.569695,380.37912,1200.6411,41.125954
1990,Asia,1,999,999,3,143.55321,296.53622,35.209869,4.3471498,93.946304,46.470325,12.701608,47.898376,439.23221,1446.8428,69.93544
1990,Asia,1,999,999,999,119.10824,281.81943,34.534809,4.7108064,80.220467,39.487286,9.0026226,44.92514,383.29132,1199.8748,42.167522
1990,Asia,999,0,0,1,96.619148,235.17194,30.791172,4.703928,65.191025,41.65929,10.395226,43.650654,393.35251,950.6557,35.43895
1990,Asia,999,0,0,2,115.97443,273.18884,31.764395,4.4343123,92.136459,48.001179,11.323577,43.288731,408.44376,989.62738,49.349072
1990,Asia,999,0,0,3,133.94951,284.36539,25.211786,4.5650077,92.183342,50.922264,14.756649,44.264599,447.08078,1063.2935,75.403236
1990,Asia,999,0,0,999,111.73373,259.93945,30.030798,4.5710874,81.139961,46.006397,11.644388,43.635536,410.15768,988.72955,48.97982
1990,Asia,999,0,1,1,118.0456,238.48225,34.762112,6.0968313,70.205933,48.330666,15.491275,46.086605,421.68942,1029.6902,51.977139
1990,Asia,999,0,1,2,143.22374,265.04752,38.912609,5.5284944,102.78339,70.982513,19.912611,48.649857,466.36469,1248.9924,88.454727
1990,Asia,999,0,1,3,166.42821,256.68085,38.900967,4.9234896,118.89527,83.099297,31.556713,53.674706,543.12109,1554.9554,150.78769
1990,Asia,999,0,1,999,140.34358,253.46985,37.440502,5.5723953,95.440582,66.114433,21.374409,49.048737,470.50363,1250.901,91.746071
1990,Asia,999,0,999,1,102.70842,236.11272,31.919689,5.0997829,66.616234,43.555252,11.843493,44.342934,401.40567,973.11682,40.139004
1990,Asia,999,0,999,2,124.51305,270.63773,34.004303,4.7771764,95.472694,55.202427,14.014968,44.968651,426.59338,1070.8999,61.602905
1990,Asia,999,0,999,3,145.92502,274.15756,30.259247,4.6971869,102.03254,62.786552,20.951155,47.734283,482.49268,1244.5786,103.19892
1990,Asia,999,0,999,999,120.72311,257.90665,32.358971,4.885704,85.633301,52.324455,14.701616,45.336395,429.11874,1071.1053,62.417221
1990,Asia,999,1,0,1,82.194756,273.29761,28.018036,4.6803169,60.250885,29.288923,3.1881406,41.493519,288.94781,1025.9301,13.592669
1990,Asia,999,1,0,2,98.373039,312.37943,29.509432,4.3346267,83.860458,33.78973,3.4124391,41.628963,303.63803,1095.7782,19.369387
1990,Asia,999,1,0,3,113.54923,321.51208,26.579311,4.3535042,86.010872,36.155441,4.6541743,43.181561,338.07321,1217.0145,30.469139
1990,Asia,999,1,0,999,95.248344,298.94321,28.295441,4.4747901,75.023445,32.523403,3.589705,41.907707,305.21854,1094.2042,19.468718
1990,Asia,999,1,1,1,100.73514,275.49652,33.16832,5.8640809,65.448929,34.885262,4.9202728,44.41156,314.52045,1157.9894,20.754587
1990,Asia,999,1,1,2,121.45185,297.13971,41.758244,4.8058004,92.086151,51.710392,6.6458569,48.751923,367.35397,1530.4771,39.044991
1990,Asia,999,1,1,3,139.93846,284.3154,47.995323,3.9623816,104.8506,58.449635,10.927532,54.660004,440.37625,1955.129,67.561974
1990,Asia,999,1,1,999,120.19935,286.52173,40.825211,4.8990216,87.287743,48.2962,7.3357744,49.078983,371.65543,1534.683,41.471912
1990,Asia,999,1,999,1,87.545547,273.93222,29.504419,5.0219541,61.751053,30.904037,3.6880379,42.33567,296.32813,1064.0426,15.659616
1990,Asia,999,1,999,2,106.06225,307.302,33.590389,4.4916086,86.601028,39.760387,4.4897218,44.002132,324.86639,1240.6075,25.924738
1990,Asia,999,1,999,3,124.21501,306.47821,35.235065,4.1954236,93.625366,45.16613,7.1896901,47.820824,379.42123,1515.3397,45.461025
1990,Asia,999,1,999,999,103.57489,294.79794,32.476822,4.616363,79.116234,37.787033,4.8398275,44.300877,327.38956,1241.199,26.811531
1990,Asia,999,999,0,1,88.239716,257.31995,29.180199,4.6902118,62.321194,34.473083,6.2084794,42.397526,332.70163,994.38409,22.747988
1990,Asia,999,999,0,2,105.54189,296.41751,30.427853,4.3752275,87.231178,39.5779,6.6345606,42.304966,346.32428,1052.5441,31.57979
1990,Asia,999,999,0,3,121.68243,306.70242,26.034105,4.4378266,88.471718,42.042686,8.6818342,43.613346,381.53241,1155.729,48.383488
1990,Asia,999,999,0,999,102.0106,282.94397,29.007277,4.5142908,77.532417,38.054081,6.8937101,42.616455,348.26425,1050.9388,31.574078
1990,Asia,999,999,1,1,107.89886,260.17865,33.827892,5.960402,67.417557,40.449471,9.2949467,45.104759,358.87097,1104.8944,33.675644
1990,Asia,999,999,1,2,129.84731,284.76465,40.660942,5.0844784,96.211113,59.141914,11.761652,48.712566,405.53351,1421.9337,58.097889
1990,Asia,999,999,1,3,149.56523,274.27255,44.690289,4.3116632,109.95464,67.4077,18.424496,54.301929,477.7153,1809.6996,97.80748
1990,Asia,999,999,1,999,128.03192,273.67035,39.509151,5.1608462,90.457771,55.224369,12.794343,49.067223,410.09006,1424.3416,61.019749
1990,Asia,999,999,999,1,93.877197,258.13971,30.512978,5.0544534,63.782635,36.186882,7.0935593,43.173855,340.20599,1026.0742,25.881618
1990,Asia,999,999,999,2,113.44696,292.62753,33.75605,4.6059031,90.151802,45.94088,8.3020906,44.388966,365.58139,1172.684,40.204506
1990,Asia,999,999,999,3,132.5714,294.03772,33.319832,4.3885565,96.861359,51.948383,12.486596,47.787518,419.09433,1411.1215,67.684837
1990,Asia,999,999,999,999,110.48962,279.92218,32.429298,4.7249699,81.744125,43.648998,8.8164234,44.71843,368.4101,1172.6116,41.168911
1990,FSU,0,0,0,1,65.028847,55.866234,9.6577892,5.7199287,24.015942,161.09174,31.802879,53.447685,628.61481,3085.0305,137.99509
1990,FSU,0,0,0,2,82.090797,62.735516,9.3010349,6.1749673,28.595123,170.36131,38.723392,60.091171,678.4873,3192.1248,156.38571
1990,FSU,0,0,0,3,73.352783,58.500263,7.0807877,9.0303907,27.903532,150.24013,48.958942,59.488098,712.80176,3267.8853,182.81151
1990,FSU,0,0,0,999,75.16291,59.579075,8.2156458,7.5714126,27.582359,158.72644,42.968243,58.82679,688.88153,3215.5073,167.26962
1990,FSU,0,0,1,1,66.281319,59.186588,6.1334167,6.3669887,32.140736,185.28748,42.469555,59.8269,694.03094,3074.2434,151.70972
1990,FSU,0,0,1,2,83.825867,65.303841,6.323771,6.9107533,34.578583,195.4238,48.262589,64.581322,734.62506,3205.3044,166.50256
1990,FSU,0,0,1,3,74.055412,61.609032,4.3354044,10.548093,35.189644,171.71149,63.952229,64.520508,779.02686,3231.521,199.07466
1990,FSU,0,0,1,999,76.24704,62.505032,5.2204671,8.8131781,34.593391,181.24455,56.020882,63.930775,753.43774,3202.5017,182.24966
1990,FSU,0,0,999,1,65.77166,57.835461,7.5675631,6.1036854,28.834572,175.44168,38.129044,57.231052,667.41162,3078.6328,146.12892
1990,FSU,0,0,999,2,83.141838,64.291313,7.4975185,6.6206794,32.219681,185.54324,44.501888,62.811138,712.49347,3200.1086,162.51413
1990,FSU,0,0,999,3,73.79615,60.461922,5.3484316,9.9880724,32.501122,163.78871,58.419815,62.663589,754.59027,3244.9392,193.07368
1990,FSU,0,0,999,999,75.832298,61.385696,6.3662815,8.3381367,31.911299,172.63017,51.02755,61.978226,728.74152,3207.4771,176.519
1990,FSU,0,1,0,1,72.069801,123.59276,13.228768,2.4383702,33.372784,74.108253,18.894081,58.44696,492.56854,3009.6499,99.534203
1990,FSU,0,1,0,2,92.016838,138.91476,13.640506,2.6637104,36.88979,75.362617,21.998739,63.63026,530.98749,3149.5078,111.74799
1990,FSU,0,1,0,3,81.890755,130.97124,9.8245163,4.0251417,36.592461,66.940643,28.241917,62.934322,556.07666,3185.0474,131.28281
1990,FSU,0,1,0,999,84.142525,132.78075,11.612823,3.3378956,36.270885,70.841759,24.816433,62.584858,538.8797,3149.3877,120.23395
1990,FSU,0,1,1,1,73.398842,130.05971,8.5625725,2.8203888,41.278831,81.943741,24.543314,63.250134,542.11194,3026.9729,107.47807
1990,FSU,0,1,1,2,93.157753,142.88988,9.4871492,3.0465438,42.451054,84.724358,26.932985,67.09713,573.00842,3179.6426,116.86745
1990,FSU,0,1,1,3,82.082649,135.72556,6.2839556,4.7714162,43.696342,75.490425,36.279007,66.768555,606.1795,3181.0435,140.06282
1990,FSU,0,1,1,999,84.657875,137.38542,7.6231174,3.960464,42.985683,79.336563,31.740498,66.440376,587.29022,3161.4653,128.36983
1990,FSU,0,1,999,1,72.900291,127.63379,10.312984,2.677084,38.313068,79.004448,22.424141,61.448345,523.52698,3020.4746,104.49812
1990,FSU,0,1,999,2,92.730461,141.40114,11.042645,2.9031668,40.368275,81.218246,25.085035,65.798737,557.27094,3168.3567,114.95013
1990,FSU,0,1,999,3,82.015915,134.07205,7.5153298,4.511869,41.225681,72.516899,33.483784,65.435051,588.75427,3182.436,137.00922
1990,FSU,0,1,999,999,84.472198,135.72646,9.0605183,3.7361662,40.56649,76.27607,29.245911,65.051315,569.849,3157.1138,125.43864
1990,FSU,0,999,0,1,69.377022,97.691078,11.863065,3.6933866,29.794306,107.37467,23.830988,56.535015,544.59882,3038.479,114.24338
1990,FSU,0,999,0,2,88.458076,111.60233,12.084682,3.9225962,33.915916,109.42236,27.995005,62.361397,583.87036,3164.7871,127.75188
1990,FSU,0,999,0,3,78.812645,104.84396,8.8353453,5.8296375,33.459923,96.971832,35.710835,61.691887,612.57935,3214.9121,149.85997
1990,FSU,0,999,0,999,80.884552,106.22181,10.380263,4.8738942,33.118526,102.72796,31.402248,61.221355,593.30316,3173.377,137.29936
1990,FSU,0,999,1,1,70.897552,105.15293,7.7088995,4.0667624,38.067451,118.2616,30.843092,62.047115,595.50049,3043.585,123.02229
1990,FSU,0,999,1,2,89.988716,116.54227,8.4128914,4.358799,39.777626,122.31702,34.176353,66.242783,627.89215,3188.3572,133.72314
1990,FSU,0,999,1,3,79.357063,110.55979,5.6223383,6.7328486,40.807953,108.16164,45.675266,66.005249,664.86871,3198.1831,160.09991
1990,FSU,0,999,1,999,81.789291,111.8469,6.8036757,5.6155186,40.123428,114.09305,40.021503,65.584457,643.95605,3175.4609,146.74594
1990,FSU,0,999,999,1,70.309593,102.26757,9.315238,3.9223847,34.868378,114.05182,28.131641,59.915688,575.81775,3041.6106,119.62765
1990,FSU,0,999,999,2,89.404991,114.6584,9.8131466,4.1924505,37.542233,117.39957,31.819063,64.762596,611.10419,3179.3687,131.44597
1990,FSU,0,999,999,3,79.163712,108.52982,6.7634306,6.412075,38.198318,104.18761,42.136421,64.473366,646.29828,3204.1243,156.46321
1990,FSU,0,999,999,999,81.456299,109.77657,8.1200504,5.3425612,37.545254,109.91009,36.849159,63.978603,625.31311,3174.6941,143.2691
1990,FSU,1,0,0,1,73.154549,57.365379,8.9587431,5.3474441,23.012751,128.46107,33.18063,51.913052,696.70227,3186.2407,140.84521
1990,FSU,1,0,0,2,94.085968,64.584091,8.7577076,5.8146372,26.40089,135.60646,40.527874,58.135307,756.1142,3290.9753,160.50262
1990,FSU,1,0,0,3,83.183266,59.851059,6.6785879,8.4202576,26.196539,119.78439,51.155029,57.612797,791.57648,3363.9138,186.9915
1990,FSU,1,0,0,999,85.484634,61.119278,7.7215838,7.0821242,25.807993,126.47151,44.913258,56.971043,765.71985,3313.2485,171.23982
1990,FSU,1,0,1,1,74.498337,60.343571,5.880918,5.9872203,30.704025,148.11101,44.348377,58.011059,770.22101,3167.084,155.09215
1990,FSU,1,0,1,2,96.024483,66.938126,5.9792957,6.5149312,32.020653,155.77217,50.533058,62.702625,818.62292,3299.5593,170.97551
1990,FSU,1,0,1,3,83.697166,62.703796,4.0873237,9.8878441,33.338581,137.40895,66.822296,62.458328,865.69647,3326.3579,203.99734
1990,FSU,1,0,1,999,86.535172,63.782547,4.9395394,8.2771683,32.564892,144.80873,58.571018,61.960201,837.88324,3296.8862,186.83534
1990,FSU,1,0,999,1,73.951126,59.130798,7.1342659,5.7266917,27.571995,140.10919,39.800663,55.527836,740.28284,3174.885,149.29053
1990,FSU,1,0,999,2,95.260284,66.010117,7.0745983,6.238862,29.805237,147.82246,46.588825,60.902103,793.98077,3296.1755,166.84691
1990,FSU,1,0,999,3,83.507523,61.651081,5.043551,9.3462763,30.703028,130.90514,61.040768,60.670231,838.34473,3340.2168,197.72185
1990,FSU,1,0,999,999,86.133247,62.763596,6.0039353,7.8199506,29.979738,137.79301,53.345634,60.05138,810.27393,3303.1465,180.86859
1990,FSU,1,1,0,1,81.302101,128.74385,12.106545,2.1805935,31.428753,53.896885,18.946951,56.80117,550.08038,3107.429,105.0304
1990,FSU,1,1,0,2,105.39783,144.71068,12.462842,2.3682661,33.461777,54.696404,21.960884,61.657043,593.48163,3253.1855,118.42271
1990,FSU,1,1,0,3,92.856712,136.25764,8.9362383,3.5534439,33.834583,48.108795,28.075905,61.117348,621.21008,3286.5793,139.52658
1990,FSU,1,1,0,999,95.689552,138.20294,10.572801,2.9632246,33.39064,51.148323,24.762962,60.739567,602.297,3251.5696,127.70179
1990,FSU,1,1,1,1,82.455986,134.85661,7.8182378,2.4911942,38.878639,58.738079,24.472483,61.482208,604.79749,3123.2227,114.11243
1990,FSU,1,1,1,2,106.22032,148.41524,8.6637306,2.6946316,38.606178,60.717899,26.8055,64.935844,640.00659,3273.0679,124.35098
1990,FSU,1,1,1,3,92.590683,140.4391,5.7204804,4.178762,40.524097,53.685623,35.876354,64.823479,676.10211,3284.793,149.08038
1990,FSU,1,1,1,999,95.781403,142.34924,6.9375296,3.4874837,39.69672,56.598469,31.517099,64.448463,655.56158,3261.0701,136.71822
1990,FSU,1,1,999,1,82.029602,132.59782,9.4028549,2.376421,36.125755,56.949162,22.430685,59.752468,584.57843,3117.3865,110.75644
1990,FSU,1,1,999,2,105.91612,147.04509,10.068847,2.5739241,36.703499,58.490826,25.0137,63.723167,622.79913,3265.7144,122.15839
1990,FSU,1,1,999,3,92.682083,139.0025,6.8253069,3.9639237,38.225807,51.769611,33.196384,63.550179,657.24304,3285.4067,145.79802
1990,FSU,1,1,999,999,95.748741,140.87486,8.230196,3.3010626,37.454342,54.660454,29.115396,63.129616,636.62128,3257.6919,133.51207
1990,FSU,1,999,0,1,78.494408,104.14645,11.021795,3.2719064,28.528555,79.592087,23.851948,55.116695,600.60699,3134.5876,117.37237
1990,FSU,1,999,0,2,101.76243,118.95956,11.272085,3.4758625,31.192547,80.69931,27.927952,60.52523,645.74854,3265.3306,131.94638
1990,FSU,1,999,0,3,89.773178,111.90206,8.2165833,5.1048036,31.399858,70.956314,35.432674,60.000225,675.5166,3311.2307,154.65665
1990,FSU,1,999,0,999,92.391739,113.29263,9.6514034,4.2942858,30.940237,75.489716,31.274719,59.521736,655.10864,3271.5017,141.77151
1990,FSU,1,999,1,1,79.991699,111.78178,7.2182984,3.573827,36.347164,86.414665,30.627556,60.40728,656.02509,3136.8057,126.80284
1990,FSU,1,999,1,2,103.16878,124.02969,7.8602977,3.8380206,36.635174,89.166977,33.90699,64.267448,693.46515,3280.9963,138.30537
1990,FSU,1,999,1,3,89.965721,117.49516,5.2384462,5.8638248,38.403259,78.396957,45.010197,64.125397,732.06177,3297.061,165.28938
1990,FSU,1,999,1,999,93.023048,118.91102,6.3414841,4.9163556,37.569134,82.913597,39.587902,63.706161,709.95233,3271.7549,151.6693
1990,FSU,1,999,999,1,79.420189,108.86739,8.670083,3.4585848,33.362823,83.810509,28.041325,58.387878,634.87213,3135.959,123.20325
1990,FSU,1,999,999,2,102.63808,122.11648,9.1477327,3.7013605,34.581402,85.97171,31.650805,62.855328,675.45935,3275.0847,135.90581
1990,FSU,1,999,999,3,89.898079,115.53036,6.2846365,5.597188,35.943035,75.783134,41.645706,62.676266,712.198,3302.0388,161.55421
1990,FSU,1,999,999,999,92.79332,116.86655,7.5459318,4.6899905,35.156944,80.21212,36.562817,62.183491,689.99524,3271.6628,148.0676
1990,FSU,999,0,0,1,69.017265,56.602077,9.3146696,5.5370989,23.523535,145.07532,32.479134,52.694427,662.03485,3134.7085,139.39404
1990,FSU,999,0,0,2,87.968445,63.641319,9.0348043,5.998405,27.519947,153.33139,39.60759,59.132793,716.5246,3240.5618,158.403
1990,FSU,999,0,0,3,78.175179,59.162903,6.8834858,8.7310858,27.066154,135.29988,50.036243,58.568153,751.44513,3314.9927,184.86201
1990,FSU,999,0,0,999,80.224754,60.334404,7.9733548,7.3314629,26.7122,142.90843,43.922092,57.916725,726.56354,3263.4404,169.21664
1990,FSU,999,0,1,1,70.312042,59.754128,6.0095577,6.1806993,31.43598,167.05118,43.391178,58.936169,731.40472,3119.7849,153.36891
1990,FSU,999,0,1,2,89.803429,66.104668,6.1549711,6.7167921,33.325142,175.9937,49.37516,63.660717,775.78564,3251.491,168.69438
1990,FSU,999,0,1,3,78.784958,62.146049,4.2137146,10.224224,34.281651,154.88516,65.360077,63.508957,821.54071,3278.0413,201.4894
1990,FSU,999,0,1,999,81.291946,63.131477,5.0827107,8.5503397,33.598694,163.37782,57.271374,62.964481,794.84662,3248.7844,184.49831
1990,FSU,999,0,999,1,69.784973,58.471027,7.3549623,5.9187102,28.215078,158.10551,38.949234,56.395355,703.16644,3125.8596,147.68019
1990,FSU,999,0,999,2,89.080032,65.133553,7.2902822,6.4335842,31.036573,167.05959,45.524513,61.875687,752.42334,3247.1826,164.63724
1990,FSU,999,0,999,3,78.559944,61.04525,5.1988759,9.6732473,31.619087,147.65807,59.70549,61.685772,795.67499,3291.6765,195.35379
1990,FSU,999,0,999,999,80.883659,62.061386,6.1885943,8.0840292,30.964102,155.54677,52.164288,61.03334,768.72327,3254.3911,178.65193
1990,FSU,999,1,0,1,76.978706,126.33164,12.632071,2.3013079,32.339123,63.361668,18.922192,57.571877,523.14819,3061.6401,102.45659
1990,FSU,999,1,0,2,99.127213,141.99458,13.01472,2.5067174,35.068218,64.381035,21.978622,62.581734,564.1955,3204.5999,115.29478
1990,FSU,999,1,0,3,87.780312,133.81044,9.3474436,3.7718041,35.111271,56.826508,28.152756,61.958469,591.05829,3239.5776,135.71034
1990,FSU,999,1,0,999,90.313087,135.67828,11.05705,3.137677,34.731728,60.317875,24.787861,61.598763,572.76898,3203.9922,124.22466
1990,FSU,999,1,1,1,78.268669,132.6389,8.1623602,2.6433883,39.988304,69.466576,24.50523,62.299561,575.81659,3078.7241,111.04522
1990,FSU,999,1,1,2,100.16376,145.85336,9.0455141,2.8577981,40.388878,71.848656,26.864609,65.937935,608.94238,3229.7505,120.88118
1990,FSU,999,1,1,3,87.775024,138.27896,5.9787121,4.450366,41.977886,63.678413,36.060883,65.714874,644.05774,3237.2463,144.94778
1990,FSU,999,1,1,999,90.658539,140.06319,7.2532725,3.7053118,41.21143,67.070343,31.619986,65.365829,624.11969,3215.1978,132.87343
1990,FSU,999,1,999,1,77.788635,130.29181,9.8256483,2.5160918,37.141853,67.194786,22.427645,60.540272,556.21735,3072.3667,107.84917
1990,FSU,999,1,999,2,99.778145,144.4178,10.522154,2.7271879,38.409466,69.070526,25.046906,64.689354,592.29553,3220.394,118.80292
1990,FSU,999,1,999,3,87.776848,136.73505,7.1426396,4.2159166,39.605412,61.31102,33.328556,64.417007,625.74597,3238.0518,141.75616
1990,FSU,999,1,999,999,90.53495,138.49446,8.6141014,3.5022361,38.893269,64.654594,29.175741,64.018127,605.7486,3211.1887,129.77927
1990,FSU,999,999,0,1,74.089607,101.02773,11.42823,3.4755325,29.140064,93.014442,23.841822,55.801914,573.54828,3088.1555,115.86069
1990,FSU,999,999,0,2,95.340927,115.40851,11.664293,3.6914833,32.507011,94.562813,27.960314,61.411472,615.88232,3216.802,129.92184
1990,FSU,999,999,0,3,84.526558,108.52347,8.5127735,5.4517689,32.385975,83.409492,35.565823,60.809994,645.38959,3265.1245,152.36055
1990,FSU,999,999,0,999,86.860634,109.89394,10.001741,4.5728836,31.987267,88.582199,31.33602,60.338688,625.40088,3224.3367,139.62192
1990,FSU,999,999,1,1,75.64595,108.6141,7.4527383,3.8093822,37.169224,101.63312,30.730553,61.190895,627.10266,3092.2588,124.99625
1990,FSU,999,999,1,2,96.863258,120.44761,8.1246662,4.0871687,38.138569,105.02643,34.035858,65.212479,662.09412,3236.6768,136.11317
1990,FSU,999,999,1,3,84.93222,114.20453,5.4205918,6.2761507,39.544216,92.519424,45.325752,65.017334,700.1806,3250.1462,162.82713
1990,FSU,999,999,1,999,87.67366,115.54717,6.5615745,5.249289,38.785461,97.760887,39.794376,64.600586,678.5257,3225.9009,149.32486
1990,FSU,999,999,999,1,75.04818,105.70026,8.979682,3.6811545,34.085312,98.322784,28.084667,59.121052,606.53302,3090.6831,121.48739
1990,FSU,999,999,999,2,96.285873,118.53642,9.4671488,3.9370961,36.002674,101.05787,31.731573,63.770863,644.56726,3229.1387,133.76498
1990,FSU,999,999,999,3,84.788971,112.19839,6.5125222,5.9850402,37.016453,89.302467,41.879265,63.531609,680.83246,3255.4355,159.1311
1990,FSU,999,999,999,999,87.37619,113.47877,7.82026,5.0018058,36.298138,94.402588,36.699635,63.041241,659.08838,3225.3284,145.77473
1990,HIC,0,0,0,1,84.18338,58.62104,17.9272,3.5050015,46.685883,301.99393,63.711388,65.248833,862.1817,2871.6702,240.48529
1990,HIC,0,0,0,2,95.469833,63.144173,18.199301,4.0018334,43.684948,248.17159,76.272644,67.848129,898.40741,2854.2102,243.94995
1990,HIC,0,0,0,3,75.556343,61.133373,17.017557,3.5697501,39.832405,296.98608,114.58353,72.687782,927.43207,2829.9207,255.28674
1990,HIC,0,0,0,999,83.938019,61.585186,17.561331,3.7222378,42.058506,279.48981,94.461594,70.027802,909.073,2843.7854,249.36177
1990,HIC,0,0,1,1,78.916817,59.805264,18.918377,3.8333457,47.957359,330.75833,75.094887,64.631699,871.91681,2882.0474,299.63657
1990,HIC,0,0,1,2,89.391838,64.340851,19.481619,4.4556584,44.99564,276.1055,89.512604,67.225754,907.91296,2863.0466,307.08871
1990,HIC,0,0,1,3,72.189865,62.608208,17.771788,3.8725336,42.716827,316.16418,128.66826,71.650284,933.53326,2839.7307,316.29761
1990,HIC,0,0,1,999,79.063965,62.911697,18.508457,4.0756989,44.113438,303.53729,108.74615,69.291306,917.52991,2852.7573,311.15839
1990,HIC,0,0,999,1,80.293243,59.495762,18.659328,3.7475319,47.625053,323.24066,72.119781,64.792984,869.3725,2879.335,284.17722
1990,HIC,0,0,999,2,90.976997,64.028748,19.147184,4.3372989,44.653805,268.82022,86.05957,67.388069,905.43384,2860.7419,290.62189
1990,HIC,0,0,999,3,73.018898,62.245014,17.586052,3.7979703,42.006512,311.44141,125.19977,71.905785,932.03076,2837.3149,301.2731
1990,HIC,0,0,999,999,80.29805,62.575836,18.26865,3.9862044,43.59314,297.44861,105.12938,69.477783,915.38867,2850.4858,295.51184
1990,HIC,0,1,0,1,114.79845,127.5584,26.257391,3.9441197,66.763184,222.54015,37.010365,68.69062,743.89484,3305.8091,129.09258
1990,HIC,0,1,0,2,129.76657,136.75891,26.530603,4.5257602,62.657005,182.26897,43.525387,71.398888,772.75543,3294.7905,130.44359
1990,HIC,0,1,0,3,100.6096,131.05367,24.994974,4.1158094,58.253654,223.8575,64.563942,76.494476,791.26605,3265.1458,136.36061
1990,HIC,0,1,0,999,113.51776,132.83179,25.736229,4.2530489,60.962086,207.70145,53.185642,73.603874,778.49774,3281.3979,133.2179
1990,HIC,0,1,1,1,106.82676,129.76669,27.723814,4.2635813,68.573807,244.36023,43.455265,67.960861,752.11475,3316.4739,160.45842
1990,HIC,0,1,1,2,120.21983,138.87213,28.533861,4.9402366,64.615562,203.18706,50.97237,70.561592,781.17804,3299.7639,163.58751
1990,HIC,0,1,1,3,94.997887,133.70555,26.046787,4.3651867,62.008873,238.96451,72.687454,75.453987,797.07648,3275.4373,168.58611
1990,HIC,0,1,1,999,105.70428,135.16791,27.161171,4.566637,63.729061,226.32465,61.281635,72.78006,786.01953,3289.167,165.79993
1990,HIC,0,1,999,1,108.91311,129.18874,27.340021,4.1799712,68.09993,238.64946,41.768501,68.151855,749.96344,3313.6824,152.24934
1990,HIC,0,1,999,2,122.7187,138.319,28.009504,4.8317466,64.102905,197.71172,49.023109,70.780754,778.97339,3298.4622,154.91205
1990,HIC,0,1,999,3,96.388184,133.04855,25.786203,4.3034043,61.078526,235.22177,70.674873,75.711777,795.63702,3272.8877,160.60231
1990,HIC,0,1,999,999,107.69366,134.5731,26.798368,4.4867949,63.024563,221.58302,59.220329,72.989807,784.10437,3287.1887,157.50426
1990,HIC,0,999,0,1,106.33903,108.50991,23.955627,3.8227847,61.215508,244.49452,44.38829,67.739601,776.57947,3185.8499,159.87219
1990,HIC,0,999,0,2,120.39777,116.64965,24.254751,4.3826399,57.47443,200.27151,52.470924,70.428925,807.07965,3174.4377,161.45
1990,HIC,0,999,0,3,93.404739,110.94587,22.700815,3.9587729,52.956039,244.88797,78.948669,75.399742,830.42499,3139.9829,170.56161
1990,HIC,0,999,0,999,105.21294,112.82856,23.441042,4.1040182,55.654709,227.85677,64.774292,72.599854,815.15808,3158.5337,165.82649
1990,HIC,0,999,1,1,99.104156,110.40857,25.287374,4.1445365,62.869297,268.26636,52.209858,67.039696,785.26367,3196.2693,198.96863
1990,HIC,0,999,1,2,111.7685,118.43977,26.052235,4.8073916,59.236862,223.17726,61.537975,69.647087,815.92175,3180.0403,202.92763
1990,HIC,0,999,1,3,88.401253,113.14246,23.653456,4.2226992,56.429142,261.29254,88.878471,74.353867,836.54309,3149.4204,211.30788
1990,HIC,0,999,1,999,98.184509,114.77212,24.718767,4.4280596,58.19215,248.11948,74.679459,71.795288,823.14099,3165.9814,206.83031
1990,HIC,0,999,999,1,100.99693,109.91183,24.938965,4.06036,62.436634,262.04721,50.163593,67.222801,782.9917,3193.5432,188.74028
1990,HIC,0,999,999,2,114.02498,117.97167,25.582209,4.6963229,58.776005,217.18761,59.167019,69.851532,813.60962,3178.5752,192.08157
1990,HIC,0,999,999,3,89.63871,112.59921,23.41785,4.1574259,55.570183,257.23538,86.422653,74.612534,835.03003,3147.0864,201.23061
1990,HIC,0,999,999,999,99.971207,114.27805,24.393955,4.345685,57.547108,242.96851,72.161469,71.999817,821.11163,3164.0881,196.40674
1990,HIC,1,0,0,1,96.849442,65.490631,16.525909,3.0865645,40.526039,245.78947,71.200188,62.367001,918.08459,2952.4207,238.20499
1990,HIC,1,0,0,2,110.60679,70.510742,16.773327,3.5287163,37.832878,204.46077,85.144272,65.042122,953.40363,2932.2693,242.6196
1990,HIC,1,0,0,3,85.560066,67.064568,14.60072,3.1342502,33.005936,254.07533,127.41037,69.558296,961.75092,2917.3936,243.7494
1990,HIC,1,0,0,999,96.155289,68.157692,15.630079,3.2748227,35.671043,234.72902,105.19782,67.046661,953.56659,2926.989,242.68433
1990,HIC,1,0,1,1,90.738899,66.75544,17.366877,3.3749301,41.357456,269.98486,83.946831,61.795261,928.66382,2966.4407,295.9743
1990,HIC,1,0,1,2,103.52395,71.820229,17.952072,3.9220541,38.754555,228.03177,99.976875,64.33654,964.51599,2936.3811,304.7135
1990,HIC,1,0,1,3,81.700836,68.668411,15.294494,3.3981998,34.974598,270.11981,143.20218,68.332565,967.58551,2923.9983,301.2316
1990,HIC,1,0,1,999,90.478989,69.576653,16.47204,3.582078,37.033237,255.1225,121.19524,66.179749,962.14453,2933.1477,301.8837
1990,HIC,1,0,999,1,92.336281,66.424797,17.147036,3.2995472,41.14011,263.65982,80.61467,61.944721,925.89825,2962.7754,280.87256
1990,HIC,1,0,999,2,105.37142,71.478668,17.644609,3.8194568,38.514145,221.88356,96.107971,64.520584,961.61743,2935.3086,288.51706
1990,HIC,1,0,999,3,82.65126,68.27343,15.123635,3.3331959,34.489769,266.16846,139.31306,68.63443,966.14856,2922.3716,287.07526
1990,HIC,1,0,999,999,91.916351,69.217346,16.258839,3.5042744,36.688301,249.95844,117.14435,66.399277,959.97241,2931.5881,286.89313
1990,HIC,1,1,0,1,136.65442,145.1127,24.687191,3.4489474,57.718079,171.54077,41.359447,66.01062,796.43152,3415.9146,129.61005
1990,HIC,1,1,0,2,155.40892,155.54318,24.925938,3.9571064,54.179771,142.15369,48.447968,68.664124,824.95129,3403.5176,131.63467
1990,HIC,1,1,0,3,117.70342,146.56898,21.940088,3.5904341,48.248604,182.41046,71.629318,73.416908,825.87878,3377.0554,131.86305
1990,HIC,1,1,0,999,134.52087,149.85794,23.420929,3.7150092,51.670147,165.57512,59.06284,70.696892,821.99847,3391.9153,131.50542
1990,HIC,1,1,1,1,127.03964,147.468,26.040129,3.726294,58.607391,188.98781,48.591618,65.238243,805.71082,3425.6687,160.7527
1990,HIC,1,1,1,2,143.94675,157.86234,26.715155,4.3114367,55.288288,159.16064,56.799831,67.851479,834.66296,3406.5476,164.94948
1990,HIC,1,1,1,3,110.96002,149.3078,22.864515,3.8064337,50.725491,194.91286,80.779076,72.383881,831.48523,3378.8728,162.85237
1990,HIC,1,1,1,999,125.07554,152.27597,24.66188,3.9849355,53.329849,180.93924,68.156181,69.875641,829.69684,3394.5522,163.39005
1990,HIC,1,1,999,1,129.56113,146.85033,25.68532,3.6535599,58.374168,184.41232,46.694981,65.440804,803.27734,3423.1108,152.58553
1990,HIC,1,1,999,2,146.95247,157.25418,26.245968,4.2185206,54.997601,154.70091,54.609722,68.064575,832.11621,3405.7529,156.21333
1990,HIC,1,1,999,3,112.63329,148.6282,22.635134,3.7528369,50.110893,191.81059,78.508705,72.640205,830.09406,3378.4219,155.16289
1990,HIC,1,1,999,999,127.48473,151.65923,24.345356,3.9160862,52.906513,177.02036,65.836769,70.085121,827.73328,3393.8799,155.25732
1990,HIC,1,999,0,1,126.67165,125.14411,22.640408,3.3580649,53.406452,190.16179,48.843277,65.09684,826.94122,3299.6741,156.84482
1990,HIC,1,999,0,2,144.30208,134.46289,22.904833,3.8509047,50.127228,157.60016,57.545307,67.766197,856.79578,3286.6909,159.14882
1990,HIC,1,999,0,3,109.26149,125.68844,20.012522,3.4706247,44.245361,201.23209,86.279305,72.403511,861.56335,3256.3328,161.24818
1990,HIC,1,999,0,999,124.71455,128.97519,21.429571,3.6024969,47.580746,183.25102,70.855042,69.763885,855.62762,3273.0793,159.923
1990,HIC,1,999,1,1,117.90616,127.16026,23.857885,3.6378887,54.267204,209.36711,57.487186,64.371964,836.64642,3310.124,194.77521
1990,HIC,1,999,1,2,133.87114,136.41586,24.530907,4.2143807,51.167164,176.32715,67.561943,66.975365,867.02948,3289.356,199.78641
1990,HIC,1,999,1,3,103.2188,127.97271,20.861683,3.6984255,46.558212,214.81065,97.294594,71.312004,867.49377,3258.5247,199.46391
1990,HIC,1,999,1,999,116.16835,130.9843,22.553335,3.8812165,49.134144,200.03839,81.811569,68.92411,863.79675,3275.7598,199.04651
1990,HIC,1,999,999,1,120.20308,126.63195,23.538858,3.5645638,54.041656,204.33455,55.222137,64.561913,834.10333,3307.386,184.83594
1990,HIC,1,999,999,2,136.60283,135.90442,24.105064,4.1191921,50.894821,171.42285,64.938751,67.182465,864.34943,3288.658,189.14409
1990,HIC,1,999,999,3,104.71523,127.40704,20.651396,3.6420124,45.985455,211.44803,94.566742,71.582306,866.02521,3257.9819,190.00008
1990,HIC,1,999,999,999,118.34415,130.47279,22.267233,3.8102562,48.738659,195.76445,79.022118,69.137909,861.71692,3275.0774,189.08592
1990,HIC,999,0,0,1,90.361893,61.972031,17.243652,3.3008881,43.68111,274.57739,67.364433,63.843079,889.45117,2911.0603,239.37297
1990,HIC,999,0,0,2,102.85424,66.737877,17.503653,3.7710278,40.83007,226.84769,80.600578,66.479248,925.23676,2892.2905,243.30095
1990,HIC,999,0,0,3,80.435722,64.026352,15.838732,3.3573325,36.502754,276.05612,120.8399,71.161354,944.17126,2872.5859,249.65935
1990,HIC,999,0,0,999,89.897507,64.791206,16.619282,3.5039921,38.942749,257.65582,99.698639,68.573624,930.77661,2884.3713,246.10457
1990,HIC,999,0,1,1,84.682678,63.195,18.16168,3.6097674,44.738457,301.11792,79.412155,63.24831,899.59351,2923.2075,297.8504
1990,HIC,999,0,1,2,96.285416,67.989258,18.735512,4.1953683,41.951263,252.65532,94.617027,65.816406,935.52362,2898.8188,305.93008
1990,HIC,999,0,1,3,76.82872,65.563995,16.56352,3.6411834,38.940655,293.70663,135.75699,70.032112,950.14178,2880.8311,308.94937
1990,HIC,999,0,1,999,84.631706,66.162575,17.515182,3.8349323,40.660027,279.9227,114.81827,67.773628,939.29095,2891.9683,306.63461
1990,HIC,999,0,999,1,86.167122,62.875336,17.921722,3.5290315,44.462082,294.18066,76.263084,63.40377,896.94238,2920.0322,282.5654
1990,HIC,999,0,999,2,97.998703,67.662872,18.414219,4.084692,41.658836,245.92418,90.961258,65.989288,932.84064,2897.1162,289.59515
1990,HIC,999,0,999,3,77.716995,65.185318,16.385027,3.5712802,38.340279,289.35989,132.0834,70.310204,948.67139,2878.8005,294.34821
1990,HIC,999,0,999,999,85.965057,65.815338,17.288334,3.7511358,40.225201,274.28455,110.98987,67.976196,937.13513,2890.0449,291.30795
1990,HIC,999,1,0,1,126.17846,136.69861,25.439817,3.6862929,62.053566,195.98572,39.274853,67.295197,771.24982,3363.1392,129.36201
1990,HIC,999,1,0,2,143.11661,146.53845,25.695175,4.2297053,58.243553,161.38399,46.088203,69.975105,799.92987,3351.3965,131.06371
1990,HIC,999,1,0,3,109.48191,139.10667,23.409378,3.8431206,53.060673,202.345,68.231125,74.89711,809.23132,3323.231,134.02621
1990,HIC,999,1,0,999,124.43612,141.68274,24.532633,3.9733522,56.131725,185.80231,56.240875,72.092697,801.11139,3338.8499,132.32768
1990,HIC,999,1,1,1,117.3374,138.97133,26.848303,3.9841936,63.391304,215.56674,46.126156,66.545113,779.98456,3373.2551,160.61145
1990,HIC,999,1,1,2,132.55797,148.74715,27.588121,4.6132569,59.765327,180.29306,54.002686,69.152313,808.99054,3355.292,164.29575
1990,HIC,999,1,1,3,103.27457,141.79562,24.396715,4.0754623,56.158215,216.12283,76.883118,73.862076,814.91809,3329.0706,165.61305
1990,HIC,999,1,1,999,115.76265,144.05113,25.863438,4.2645936,58.329361,202.75867,64.851189,71.271973,808.69867,3343.8877,164.54863
1990,HIC,999,1,999,1,119.65372,138.37589,26.479286,3.9061449,63.040821,210.43658,44.331139,66.741631,777.69611,3370.6047,152.42422
1990,HIC,999,1,999,2,135.32434,148.16847,27.092171,4.5127664,59.366623,175.33888,51.929089,69.367889,806.61664,3354.2715,155.58894
1990,HIC,999,1,999,3,104.81367,141.12891,24.151907,4.0178533,55.390182,212.70665,74.737869,74.118706,813.50806,3327.6226,157.78114
1990,HIC,999,1,999,999,117.97305,143.44756,25.524286,4.1903715,57.769299,198.43739,62.656876,71.481133,806.76501,3342.6035,156.33722
1990,HIC,999,999,0,1,116.74985,117.02705,23.2822,3.584836,57.217068,216.67476,46.669357,66.386436,802.36597,3244.1306,158.3221
1990,HIC,999,999,0,2,132.63899,125.77168,23.563467,4.110342,53.711979,178.41982,55.069477,69.065361,832.53888,3231.9216,160.27158
1990,HIC,999,999,0,3,101.49865,118.47105,21.328608,3.7096033,48.509773,222.60432,82.690514,73.870354,846.31927,3199.3726,165.80769
1990,HIC,999,999,0,999,115.1833,121.08365,22.412663,3.8476114,51.526833,205.05173,67.883125,71.149948,835.84845,3217.0959,162.80829
1990,HIC,999,999,1,1,108.72101,118.97672,24.556219,3.885396,58.469494,238.14055,54.909111,65.675201,811.54492,3254.5039,196.82378
1990,HIC,999,999,1,2,123.0759,127.63609,25.273945,4.5040159,55.108521,199.20941,64.619751,68.280273,842.06775,3235.9646,201.32062
1990,HIC,999,999,1,3,95.95826,120.70594,22.229641,3.9553177,51.394932,237.58659,93.170731,72.802505,852.32806,3205.064,205.26741
1990,HIC,999,999,1,999,107.36981,123.05254,23.612766,4.1487579,53.565746,223.56194,78.322212,70.328827,843.90607,3222.051,202.85472
1990,HIC,999,999,999,1,110.82323,118.46623,24.222637,3.8066993,58.141567,232.52007,52.751659,65.861427,809.1416,3251.7878,186.74272
1990,HIC,999,999,999,2,125.57848,127.14819,24.826326,4.4009943,54.743057,193.76894,62.120518,68.485725,839.5741,3234.9065,190.57841
1990,HIC,999,999,999,3,97.329407,120.15284,22.006649,3.8945074,50.680901,233.87872,90.577042,73.06678,850.84094,3203.6553,195.50177
1990,HIC,999,999,999,999,109.3576,122.55164,23.307451,4.072144,53.047031,218.85281,75.666443,70.53772,841.85608,3220.7903,192.66666
1990,LAC,0,0,0,1,100.49926,76.319046,65.375488,3.7868085,37.780685,313.54092,45.8932,61.115051,757.44971,1823.2111,96.163704
1990,LAC,0,0,0,2,116.75176,87.327301,67.426842,2.1579838,45.922447,333.31842,56.143139,62.819252,726.22308,1853.8365,140.77049
1990,LAC,0,0,0,3,130.8963,101.17126,61.196308,3.450464,48.699375,317.54034,65.171219,63.100475,784.53558,1874.3732,171.32329
1990,LAC,0,0,0,999,111.98093,84.894203,65.323769,3.1435528,42.725681,321.33563,53.154472,62.093937,751.39667,1843.7013,126.12823
1990,LAC,0,0,1,1,108.9202,81.571533,70.54789,2.2499151,43.44397,336.46387,62.479321,68.250084,695.65552,1726.9093,124.99792
1990,LAC,0,0,1,2,126.80817,91.403542,66.482071,2.0597248,52.928875,363.70248,78.702835,70.228119,663.29663,1804.1019,173.81075
1990,LAC,0,0,1,3,141.09686,107.0577,59.097874,3.0687976,54.887428,351.82114,87.683655,71.097595,720.38641,1821.0848,214.54929
1990,LAC,0,0,1,999,121.99169,90.302223,66.756989,2.3410408,49.261539,349.70108,73.546028,69.554688,688.44751,1774.4623,161.01384
1990,LAC,0,0,999,1,106.25848,79.911308,68.912979,2.735703,41.653896,329.21829,57.236713,65.994812,715.18774,1757.3489,115.88389
1990,LAC,0,0,999,2,123.87338,90.213959,66.757782,2.0883999,50.884171,354.83542,72.119186,68.065971,681.66052,1818.616,164.16853
1990,LAC,0,0,999,3,138.13608,105.34912,59.706951,3.1795785,53.091309,341.87091,81.149284,68.776382,739.0061,1836.552,202.00267
1990,LAC,0,0,999,999,118.96738,88.668427,66.324005,2.5834849,47.287014,341.13168,67.385612,67.300751,707.4649,1795.3798,150.47467
1990,LAC,0,1,0,1,101.22113,94.663391,82.028595,7.3417158,48.698936,302.01022,36.169819,60.87608,626.41748,1825.4733,64.036133
1990,LAC,0,1,0,2,117.3838,107.71343,81.391457,4.3156595,58.313046,322.38531,44.26115,62.811504,600.97821,1871.0231,92.661346
1990,LAC,0,1,0,3,131.48456,125.38798,72.844963,6.8029213,61.381996,309.55286,50.745579,63.076973,650.47375,1888.4846,113.07497
1990,LAC,0,1,0,999,112.93823,105.32875,80.036049,6.1301384,54.649853,310.91794,41.925537,62.006565,621.70782,1854.2272,83.91449
1990,LAC,0,1,1,1,109.6676,100.28949,85.544083,4.4314609,55.713531,322.61526,49.547054,68.036194,575.86469,1743.0266,81.977257
1990,LAC,0,1,1,2,127.25445,112.07056,77.512207,4.3122244,67.017616,349.6723,61.706722,70.412743,548.29272,1827.1771,112.91221
1990,LAC,0,1,1,3,141.24406,132.09019,67.148788,6.4567065,69.050072,339.74963,67.770279,71.427681,595.49988,1851.5305,139.62421
1990,LAC,0,1,1,999,122.80592,111.26244,78.7332,4.7991285,62.738804,336.41458,57.894878,69.633026,569.36896,1797.2057,105.51658
1990,LAC,0,1,999,1,107.1172,98.590691,84.48259,5.3102098,53.595486,316.39359,45.507813,65.874207,591.12909,1767.9214,76.559952
1990,LAC,0,1,999,2,124.48177,110.84663,78.601898,4.313189,64.572487,342.00735,56.806232,68.277542,563.09216,1839.4935,107.22371
1990,LAC,0,1,999,3,138.54919,130.23953,68.721657,6.5523057,66.932716,331.4115,63.069305,69.121826,610.67963,1861.7345,132.29326
1990,LAC,0,1,999,999,119.95567,109.54852,79.109528,5.1835876,60.402332,329.04993,53.282177,67.430145,584.48694,1813.6763,99.276871
1990,LAC,0,999,0,1,100.86189,85.534019,73.740891,5.572556,43.265285,307.74869,41.008827,60.99501,691.62793,1824.3475,80.024971
1990,LAC,0,999,0,2,117.07867,97.871712,74.649826,3.2740085,52.331295,327.66342,49.99736,62.815243,661.44208,1862.726,115.88677
1990,LAC,0,999,0,3,131.19984,113.66695,67.206947,5.1803136,55.243538,313.41885,57.727669,63.088348,715.36041,1881.6545,141.26747
1990,LAC,0,999,0,999,112.46945,95.322075,72.831535,4.6676254,48.810658,316.01941,47.424278,62.049355,685.2157,1849.0726,104.5863
1990,LAC,0,999,1,1,109.30801,91.283836,78.329056,3.3818669,49.810352,329.27817,55.769081,68.139107,633.49896,1735.2722,102.67554
1990,LAC,0,999,1,2,127.04495,102.36896,72.334396,3.254847,60.404022,356.25839,69.685104,70.326073,602.27826,1816.345,141.49944
1990,LAC,0,999,1,3,141.17537,120.40888,63.391861,4.8757529,62.441135,345.38275,77.062775,71.273651,653.77765,1837.3231,174.58768
1990,LAC,0,999,1,999,122.42015,101.33168,73.058975,3.6345081,56.353397,342.70959,65.310265,69.595917,625.78735,1786.4301,131.8107
1990,LAC,0,999,999,1,106.69967,89.508163,76.912132,4.0584002,47.789093,322.62939,51.210789,65.932854,651.4505,1762.7806,95.680542
1990,LAC,0,999,999,2,124.19386,101.08241,72.99678,3.2603285,58.09462,348.07809,64.05294,68.177422,619.20349,1829.6134,134.1723
1990,LAC,0,999,999,3,138.35439,118.50233,64.470726,4.9618793,60.405727,336.34369,71.595009,68.958931,671.19263,1849.8596,165.16507
1990,LAC,0,999,999,999,119.48278,99.557693,72.991837,3.9394758,54.126839,334.83087,60.030464,67.368225,643.33008,1804.9216,123.77428
1990,LAC,1,0,0,1,104.30096,73.443947,60.239281,3.7475395,36.738407,299.90228,46.763222,59.30209,814.98114,1874.9838,96.475197
1990,LAC,1,0,0,2,120.59245,84.452011,62.707195,2.0856106,44.217133,318.039,57.187309,61.05864,781.23102,1910.3375,141.83032
1990,LAC,1,0,0,3,134.88368,97.648232,57.976498,3.3557346,47.543133,303.81656,66.398239,61.486221,841.66705,1932.1752,172.63249
1990,LAC,1,0,0,999,115.82578,81.893509,60.694889,3.0823042,41.423752,307.09439,54.149841,60.336388,807.95367,1898.2767,126.87896
1990,LAC,1,0,1,1,112.66971,78.95488,64.672958,2.1799619,41.449497,320.04828,63.732578,66.223351,748.78064,1775.7983,125.87472
1990,LAC,1,0,1,2,130.7112,88.52301,61.5308,1.9567243,50.882835,345.35867,80.190147,68.257698,712.15363,1856.9109,176.12122
1990,LAC,1,0,1,3,145.0564,103.49342,55.788559,2.904525,53.694084,334.60672,89.036453,69.287926,770.09692,1876.8574,217.31425
1990,LAC,1,0,1,999,125.83759,87.396828,61.737015,2.2399452,47.405624,332.40494,74.904587,67.591805,739.29523,1826.1749,162.79378
1990,LAC,1,0,999,1,110.02256,77.2117,63.270531,2.6758084,39.959316,313.67584,58.364944,64.034065,769.72083,1807.1722,116.57525
1990,LAC,1,0,999,2,127.75739,87.334633,61.874203,1.9943479,48.937019,337.38367,73.475296,66.156189,732.3183,1872.5068,166.11122
1990,LAC,1,0,999,3,142.1026,101.79617,56.423866,3.0355411,51.908058,325.66629,82.463089,67.022575,790.87848,1892.9199,204.34018
1990,LAC,1,0,999,999,122.81141,85.733391,61.422024,2.4945576,45.597538,324.75455,68.631233,65.398773,760.04803,1847.9686,151.93811
1990,LAC,1,1,0,1,105.05556,91.281357,74.959557,7.3851013,46.945988,285.1373,36.7327,59.061588,676.0545,1884.5544,64.649826
1990,LAC,1,1,0,2,121.23177,104.23218,75.11763,4.2011161,55.957214,303.42862,44.877625,61.067059,648.9314,1932.9691,94.022781
1990,LAC,1,1,0,3,135.35986,121.11485,68.688164,6.7348433,59.835289,291.97479,51.515224,61.520287,699.4884,1954.7147,114.83567
1990,LAC,1,1,0,999,116.7576,101.71331,73.820656,6.0959311,52.702984,293.13522,42.533978,60.264614,670.60138,1915.6586,84.974724
1990,LAC,1,1,1,1,113.53165,97.182091,77.72744,4.3358612,53.065517,302.13974,50.34449,66.044952,621.06549,1799.3201,83.132248
1990,LAC,1,1,1,2,131.14438,108.51799,70.841042,4.1242862,64.54174,326.16266,62.498623,68.50779,589.89105,1887.7216,114.94517
1990,LAC,1,1,1,3,145.07973,127.58056,62.527763,6.1908188,67.905693,317.44199,68.726433,69.74968,636.77112,1916.2031,142.28064
1990,LAC,1,1,1,999,126.67933,107.70209,72.002762,4.6333833,60.466949,314.41931,58.726509,67.739334,612.38104,1856.8572,107.32156
1990,LAC,1,1,999,1,110.96968,95.398544,76.890823,5.2575192,51.215836,297.00061,46.230213,63.934174,637.68634,1825.0828,77.545784
1990,LAC,1,1,999,2,128.36792,107.31757,72.038887,4.1458058,62.137272,319.79501,57.563103,66.423691,606.42786,1900.395,109.08495
1990,LAC,1,1,999,3,142.40607,125.80202,64.222321,6.3404651,65.685745,310.43665,63.992096,67.486,654.02295,1926.7966,134.73128
1990,LAC,1,1,999,999,123.81726,105.97454,72.527161,5.0552773,58.227322,308.2796,54.055534,65.583145,629.1756,1873.8195,100.87529
1990,LAC,1,999,0,1,104.69398,82.734329,67.906151,5.6421165,42.054897,292.21213,41.53896,59.17683,742.62305,1879.9685,79.899368
1990,LAC,1,999,0,2,120.9345,95.034958,69.34713,3.2174664,50.498409,310.22202,50.601276,61.063145,710.4469,1922.446,116.25191
1990,LAC,1,999,0,3,135.13759,110.16064,63.687965,5.1574769,54.097317,297.50253,58.462612,61.504387,765.85742,1944.1935,141.81522
1990,LAC,1,999,0,999,116.31806,92.364357,67.629257,4.6744103,47.382595,299.71973,48.013153,60.29847,735.39014,1907.4596,104.74085
1990,LAC,1,999,1,1,113.13277,88.747101,71.686226,3.3381772,47.68998,310.42725,56.540085,66.12751,680.16815,1788.4349,102.91214
1990,LAC,1,999,1,2,130.94919,99.508209,66.645828,3.1475778,58.387005,334.81244,70.470467,68.395096,644.98285,1873.8381,142.51123
1990,LAC,1,999,1,3,145.06929,116.78757,59.508057,4.7182937,61.537746,325.13318,77.826965,69.542778,696.5119,1898.5731,175.90176
1990,LAC,1,999,1,999,126.29616,98.45887,67.329659,3.543859,54.521267,322.60663,66.090988,67.67218,670.15405,1842.8903,132.57324
1990,LAC,1,999,999,1,110.52659,86.890152,70.518814,4.0497117,45.949677,304.80182,51.90723,63.980904,699.4563,1816.7036,95.805023
1990,LAC,1,999,999,2,128.0903,98.231239,67.416962,3.1675286,56.135059,327.79263,64.798447,66.302055,663.67072,1887.7141,135.01503
1990,LAC,1,999,999,3,142.26849,114.91875,60.686821,4.8421459,59.439503,317.34119,72.366104,67.275902,716.06775,1911.4384,166.28915
1990,LAC,1,999,999,999,123.35449,96.662132,67.417984,3.8771594,52.416698,315.85928,60.761417,65.498322,689.38641,1861.926,124.3679
1990,LAC,999,0,0,1,102.37579,74.899887,62.84024,3.7674253,37.266216,306.80884,46.322647,60.220169,785.84741,1848.7662,96.317459
1990,LAC,999,0,0,2,118.64683,85.908569,65.098068,2.1222732,45.081009,325.77924,56.658348,61.950531,753.36505,1881.7152,141.29343
1990,LAC,999,0,0,3,132.8633,99.433342,59.607967,3.4037335,48.128998,310.77036,65.776512,62.304161,812.71875,1902.8871,171.96913
1990,LAC,999,0,0,999,113.8783,83.413414,63.039501,3.1133277,42.083206,314.30783,53.645672,61.226624,779.30658,1870.6333,126.4987
1990,LAC,999,0,1,1,110.76998,80.28064,67.649567,2.2154045,42.460022,328.36545,63.097603,67.250221,721.8642,1751.0282,125.43048
1990,LAC,999,0,1,2,128.73361,89.982513,64.039497,2.0089123,51.919518,354.65308,79.436554,69.256065,687.3988,1830.1536,174.95055
1990,LAC,999,0,1,3,143.04959,105.29991,57.46582,2.9877834,54.298908,343.33151,88.350815,70.205124,744.90216,1848.5903,215.91289
1990,LAC,999,0,1,999,123.88886,88.868996,64.280647,2.2911704,48.34602,341.16891,74.216202,68.586403,713.53064,1799.972,161.89188
1990,LAC,999,0,999,1,108.11576,78.579262,66.128868,2.7061498,40.817753,321.54932,57.793407,65.027336,742.09558,1781.9327,116.22502
1990,LAC,999,0,999,2,125.78956,88.793442,64.348473,2.0419993,49.923546,346.22559,72.788223,67.123779,706.65259,1845.2031,165.12695
1990,LAC,999,0,999,3,140.09239,103.59678,58.087708,3.1085379,52.507717,333.87866,81.797264,67.911392,764.58997,1864.3531,203.15555
1990,LAC,999,0,999,999,120.86384,87.220413,63.90559,2.5396123,46.453503,333.05194,68.000137,66.362396,733.40692,1821.3246,151.19666
1990,LAC,999,1,0,1,103.18481,92.931389,78.408424,7.3639345,47.801224,293.36932,36.45808,59.946846,651.8374,1855.7296,64.350418
1990,LAC,999,1,0,2,119.35113,105.93359,78.183891,4.2570977,57.108597,312.69345,44.576332,61.919636,625.49487,1902.6937,93.357399
1990,LAC,999,1,0,3,133.4631,123.20634,70.72271,6.7681642,60.592327,300.57837,51.138523,62.282207,675.49823,1922.2986,113.9739
1990,LAC,999,1,0,999,114.89186,103.47945,76.85685,6.1126413,53.654022,301.82202,42.236759,61.115551,646.7171,1885.6497,84.45681
1990,LAC,999,1,1,1,111.64503,98.699272,81.543915,4.3825378,54.358406,312.1369,49.955139,67.017174,598.99622,1771.8347,82.568321
1990,LAC,999,1,1,2,129.24712,110.25071,74.094818,4.2159505,65.749313,337.62918,62.112385,69.436905,569.60205,1858.1919,113.95362
1990,LAC,999,1,1,3,143.20743,129.78185,64.783424,6.3206062,68.464302,328.33102,68.259705,70.568764,616.62537,1884.6344,140.98395
1990,LAC,999,1,1,999,124.78899,109.43965,75.287415,4.714272,61.575684,325.15366,58.320648,68.663513,591.38983,1827.7455,106.44067
1990,LAC,999,1,999,1,109.08913,96.956757,80.596657,5.2832394,52.377434,306.46707,45.877579,64.88118,614.95996,1797.1801,77.06456
1990,LAC,999,1,999,2,126.47141,109.03981,75.241745,4.2274919,63.325699,330.63501,57.193737,67.3284,585.2793,1870.6741,108.17663
1990,LAC,999,1,999,3,140.522,127.96971,66.420212,6.4439478,66.294876,320.68271,63.541317,68.285088,632.84998,1895.014,133.54031
1990,LAC,999,1,999,999,121.93217,107.71922,75.740433,5.1179137,59.289082,318.41895,53.678009,66.484787,607.36017,1844.4596,100.09499
1990,LAC,999,999,0,1,102.78972,84.125557,70.805573,5.6075501,42.656364,299.93262,41.27552,60.080326,717.28229,1852.3291,79.961777
1990,LAC,999,999,0,2,119.01742,96.445374,71.983589,3.2455788,51.409706,318.89377,50.301018,61.934277,686.08215,1892.7539,116.07037
1990,LAC,999,999,0,3,133.17796,111.90555,65.439178,5.1688414,54.667732,305.42325,58.096867,62.292641,740.7276,1913.071,141.54262
1990,LAC,999,999,0,999,114.4047,93.834816,70.215614,4.6710372,48.092571,307.82324,47.72039,61.168938,710.44556,1878.4321,104.66402
1990,LAC,999,999,1,1,111.2321,90.007698,74.987305,3.3598883,48.743671,319.79498,56.156944,67.127144,656.97644,1762.0164,102.79456
1990,LAC,999,999,1,2,129.01093,100.92842,69.46991,3.2008312,59.388348,345.45923,70.080566,69.353729,623.78217,1845.2957,142.00893
1990,LAC,999,999,1,3,143.13524,118.58621,61.437073,4.7965007,61.986443,335.19077,77.447403,70.402473,675.28656,1868.1514,175.24908
1990,LAC,999,999,1,999,124.37094,99.885803,70.175423,3.5888846,55.43129,332.5918,65.703201,68.627701,648.11707,1814.8464,132.19449
1990,LAC,999,999,999,1,108.62486,88.191132,73.695869,4.0540295,46.863743,313.66095,51.561146,64.950897,675.60059,1789.9075,95.743164
1990,LAC,999,999,999,2,126.1551,99.647308,70.18824,3.2136188,57.108299,337.86765,64.428185,67.233482,641.58563,1858.8578,134.59648
1990,LAC,999,999,999,3,140.32336,116.69962,62.567249,4.901648,59.919674,326.78458,71.982903,68.112297,693.76685,1880.8365,165.73055
1990,LAC,999,999,999,999,121.43089,98.100754,70.187279,3.9081206,53.266361,325.28506,60.398254,66.427361,666.50397,1833.6042,124.07298
1990,MENA,0,0,0,1,50.945023,106.63033,19.1315,4.881155,8.2839088,256.93039,19.824884,41.480892,435.90948,1037.481,74.105537
1990,MENA,0,0,0,2,64.293167,118.60748,21.264181,7.1453757,8.7866583,297.48312,24.689522,42.888298,460.53699,1018.67,101.07165
1990,MENA,0,0,0,3,91.484848,123.42893,25.560093,5.9402242,17.204357,262.21185,35.512085,46.77586,483.39362,1385.2441,126.27138
1990,MENA,0,0,0,999,58.682987,112.01638,20.363956,5.7310081,9.1634226,271.06284,22.717529,42.377941,448.01376,1058.7808,87.372948
1990,MENA,0,0,1,1,67.873322,105.14047,22.316433,5.0721178,12.643778,231.14966,26.897652,46.847725,483.83517,1288.8805,91.32328
1990,MENA,0,0,1,2,85.49556,115.15411,25.980934,7.6339917,14.142863,266.57336,36.348274,49.247952,508.69708,1289.0685,122.52924
1990,MENA,0,0,1,3,131.44,117.92104,34.496429,6.4402962,25.38047,256.64651,52.089661,57.364513,550.47607,1804.0656,157.80084
1990,MENA,0,0,1,999,80.935814,109.86404,24.912653,6.0606928,14.602511,245.5797,32.873966,48.841835,499.5997,1348.5165,109.12518
1990,MENA,0,0,999,1,56.168736,106.17059,20.114302,4.9400821,9.6292715,248.97501,22.007389,43.136986,450.69836,1115.0575,79.418564
1990,MENA,0,0,999,2,70.819206,117.54455,22.715984,7.2957702,10.435284,287.96918,28.278055,44.845783,475.36053,1101.8979,107.67624
1990,MENA,0,0,999,3,107.57814,121.21045,29.159506,6.1416454,20.497564,259.97021,42.189262,51.040798,510.41336,1553.9387,138.97095
1990,MENA,0,0,999,999,65.734657,111.33434,21.805387,5.8354816,10.887008,262.98755,25.935989,44.426277,464.36078,1150.5947,94.265984
1990,MENA,0,1,0,1,56.595882,173.29002,32.533146,8.8240843,10.248635,156.22145,19.089886,43.939766,467.19012,1053.005,54.134235
1990,MENA,0,1,0,2,71.515167,190.6515,35.922798,12.769641,10.944281,181.87799,24.855551,45.526527,493.03244,1045.2965,73.590088
1990,MENA,0,1,0,3,100.1552,199.53746,44.220829,10.91417,21.581169,161.59419,35.606964,49.876446,517.13635,1408.3568,91.795082
1990,MENA,0,1,0,999,65.069786,181.29677,34.594284,10.349729,11.349393,165.51871,22.340656,44.939934,479.93326,1077.2924,63.732513
1990,MENA,0,1,1,1,74.180824,170.32574,39.039394,9.1653099,15.694491,141.93498,26.644341,49.897537,517.03802,1302.1216,66.299332
1990,MENA,0,1,1,2,93.711098,185.07253,44.805595,13.632776,17.642353,162.99829,36.756321,52.306046,543.22992,1312.2961,88.755653
1990,MENA,0,1,1,3,141.8846,188.34714,63.32539,11.342391,32.174416,162.43036,53.981556,62.882362,587.6875,1849.3762,114.23406
1990,MENA,0,1,1,999,88.241539,177.24138,43.671215,10.893323,18.184572,151.22627,33.061481,52.149872,533.64185,1366.697,79.121811
1990,MENA,0,1,999,1,61.971703,172.38382,34.522141,8.9283981,11.913465,151.854,21.399326,45.761089,482.42892,1129.1614,57.853176
1990,MENA,0,1,999,2,78.28479,188.94995,38.631996,13.032892,12.987151,176.11981,28.485212,47.594238,508.34238,1126.7297,78.215492
1990,MENA,0,1,999,3,116.96307,195.0302,51.915813,11.08665,25.847944,161.93098,43.007923,55.115002,545.5531,1585.9917,100.83311
1990,MENA,0,1,999,999,72.343918,180.02368,37.443737,10.520375,13.49511,161.03198,25.706163,47.203297,496.79358,1168.1429,68.56356
1990,MENA,0,999,0,1,53.771671,139.9745,25.835203,6.853467,9.266695,206.55428,19.457228,42.710857,451.55655,1045.2463,64.115601
1990,MENA,0,999,0,2,67.96431,155.22946,28.715561,10.004345,9.8834381,238.71786,24.77392,44.229385,477.05536,1032.2051,87.10202
1990,MENA,0,999,0,3,95.736847,160.75304,34.711437,8.3794785,19.350773,212.86833,35.558613,48.296406,499.94125,1396.5787,109.36399
1990,MENA,0,999,0,999,61.890629,146.81108,27.510855,8.0506687,10.261283,218.05542,22.528252,43.664654,464.04471,1068.0779,75.500015
1990,MENA,0,999,1,1,71.007141,137.52711,30.625069,7.1057792,14.159494,186.82425,26.771795,48.362991,500.33167,1295.4592,78.890381
1990,MENA,0,999,1,2,89.644653,150.46501,35.487957,10.663559,15.910211,214.26485,36.554352,50.792381,526.13721,1300.7992,105.47256
1990,MENA,0,999,1,3,136.56209,152.45833,48.634289,8.8443069,28.712255,210.44247,53.017456,60.070496,568.72479,1826.2863,136.4355
1990,MENA,0,999,1,999,84.57988,143.47159,34.269352,8.4711895,16.389231,198.51659,32.967499,50.491871,516.57977,1357.5848,94.159615
1990,MENA,0,999,999,1,59.065453,139.22281,27.306383,6.930963,10.769491,200.49431,21.703857,44.44688,466.53757,1122.0979,68.653587
1990,MENA,0,999,999,2,74.606628,153.76974,30.790455,10.206312,11.729891,231.22607,28.38315,46.240124,492.09283,1114.4956,92.730293
1990,MENA,0,999,999,3,112.18056,157.41206,40.319324,8.5667028,23.12142,211.89124,42.59074,53.038811,527.64612,1569.6576,120.26794
1990,MENA,0,999,999,999,69.046867,145.7578,29.642498,8.1833019,12.194051,211.89282,25.820812,45.81797,480.61438,1159.3889,81.385292
1990,MENA,1,0,0,1,49.501667,107.16614,22.852257,4.9342813,19.443459,227.59129,19.976694,39.15752,405.68164,1064.09,81.554214
1990,MENA,1,0,0,2,61.883583,119.74513,26.356581,7.2155461,25.073812,259.59958,24.807461,40.253109,424.35495,1041.8374,113.52415
1990,MENA,1,0,0,3,91.153862,123.5043,27.857492,6.0092492,26.915564,237.0853,35.748367,44.768166,455.77914,1429.1787,132.32227
1990,MENA,1,0,0,999,57.017773,112.72,24.435841,5.7901902,21.942122,239.15259,22.870708,39.976856,415.99747,1085.8407,96.4104
1990,MENA,1,0,1,1,67.509148,105.63442,25.262398,5.1287928,23.159813,207.77892,27.099205,44.702744,461.53668,1330.6926,97.854759
1990,MENA,1,0,1,2,84.374779,115.9252,30.029156,7.7052565,29.501348,236.56438,36.589287,46.874954,481.08783,1331.3529,133.57567
1990,MENA,1,0,1,3,133.5481,118.07158,35.238617,6.5242238,31.539392,234.18423,52.216503,55.428623,536.88702,1872.2476,160.32025
1990,MENA,1,0,1,999,80.666893,110.41501,27.968237,6.1253471,26.189178,220.17375,33.098976,46.656261,476.64914,1394.0441,116.69836
1990,MENA,1,0,999,1,55.07555,106.69202,23.598272,4.9944882,20.593788,221.45874,22.181337,40.873943,422.97052,1146.6119,86.599747
1990,MENA,1,0,999,2,68.835716,118.56437,27.491791,7.3669176,26.442383,252.47928,28.449278,42.299953,441.89136,1131.328,119.72217
1990,MENA,1,0,999,3,108.29163,121.30814,30.841293,6.2174263,28.784735,235.91255,42.405567,49.077629,488.5668,1608.2882,143.64038
1990,MENA,1,0,999,999,64.540039,111.98682,25.559418,5.8967962,23.293016,233.11583,26.124096,42.101429,435.28943,1183.8734,102.86355
1990,MENA,1,1,0,1,54.959137,174.62679,39.562965,8.9852219,25.969097,136.81235,19.452726,41.393372,435.61603,1085.0842,60.022987
1990,MENA,1,1,0,2,68.816689,192.77805,45.118618,13.041189,33.182362,156.5611,25.147036,42.622398,456.36615,1073.6614,83.173233
1990,MENA,1,1,0,3,99.977386,200.22929,47.648773,11.100343,36.005146,144.17192,35.991245,47.271248,488.17227,1461.4387,96.675049
1990,MENA,1,1,0,999,63.18626,182.85426,42.100254,10.548223,29.228109,144.19817,22.683645,42.267052,446.80057,1109.8881,70.821815
1990,MENA,1,1,1,1,73.882347,171.92497,43.130112,9.3378716,30.863062,124.6038,26.749092,46.607666,492.8367,1345.9856,71.44841
1990,MENA,1,1,1,2,92.563202,186.85942,50.091072,13.937453,39.047001,140.81149,36.725983,48.69051,514.04132,1353.9584,97.033066
1990,MENA,1,1,1,3,145.54797,190.35768,58.003105,11.698859,41.945606,141.78281,52.963295,57.86504,571.52075,1918.749,115.35965
1990,MENA,1,1,1,999,88.016464,178.93164,47.089836,11.129503,34.811089,131.89572,32.96542,48.54446,508.58606,1411.9116,84.814232
1990,MENA,1,1,999,1,60.732601,173.80246,40.651302,9.0928154,27.462244,133.08752,21.678844,42.984249,453.07404,1164.6852,63.508881
1990,MENA,1,1,999,2,76.062798,190.972,46.635933,13.314679,34.97192,151.75519,28.680285,44.474049,473.96542,1159.1924,87.402481
1990,MENA,1,1,999,3,118.08391,196.30701,51.762852,11.33815,38.365463,143.22266,42.734737,51.480469,521.28906,1643.1415,104.09898
1990,MENA,1,1,999,999,70.961708,181.62592,43.66272,10.730248,30.976391,140.34573,25.90333,44.232792,466.14838,1204.4652,75.203468
1990,MENA,1,999,0,1,52.242474,141.04572,31.244583,6.9687138,22.720715,182.00098,19.713551,40.280392,420.71506,1074.6335,70.740959
1990,MENA,1,999,0,2,65.419533,156.99261,35.9254,10.18668,29.209249,207.04897,24.980648,41.461472,440.681,1058.068,98.044891
1990,MENA,1,999,0,3,95.495949,161.26088,37.596836,8.5145903,31.388573,191.36238,35.867889,45.999943,471.71991,1445.0541,114.78018
1990,MENA,1,999,0,999,60.127209,148.07356,33.340191,8.1886387,25.614872,191.28758,22.776413,41.131306,431.52481,1097.9625,83.511597
1990,MENA,1,999,1,1,70.676666,138.5813,34.14278,7.2207355,26.988384,166.44026,26.925196,45.649502,477.09299,1338.2932,84.730606
1990,MENA,1,999,1,2,88.512863,151.77235,40.167603,10.854746,34.325317,188.17491,36.658367,47.792458,497.74112,1342.7767,115.10858
1990,MENA,1,999,1,3,139.3669,153.12346,46.277225,9.0334291,36.585415,189.37834,52.578625,56.610054,553.68109,1894.7964,138.51865
1990,MENA,1,999,1,999,84.329727,144.5619,37.497944,8.6192884,30.486115,176.17828,33.032413,47.59729,492.56567,1402.9487,100.80814
1990,MENA,1,999,999,1,57.907547,140.28838,32.135239,7.0461636,24.032227,177.21896,21.929783,41.930389,438.04074,1155.6597,75.040161
1990,MENA,1,999,999,2,72.511276,155.38953,37.228138,10.391836,30.780346,201.25293,28.566765,43.405659,458.20361,1145.4994,103.28499
1990,MENA,1,999,999,3,113.08218,157.99889,41.076481,8.7225733,33.471794,190.56705,42.566605,50.253139,504.57507,1625.339,124.29604
1990,MENA,1,999,999,999,67.765526,146.96529,34.652378,8.3245516,27.152237,186.51909,26.013208,43.171974,450.78931,1194.2163,88.97039
1990,MENA,999,0,0,1,50.245998,106.88982,20.933474,4.9068837,13.688515,242.72136,19.898407,40.355675,421.27002,1050.3678,77.712952
1990,MENA,999,0,0,2,63.127575,119.15781,23.727537,7.1793194,16.665276,279.15765,24.746574,41.613575,443.03461,1029.8768,107.09532
1990,MENA,999,0,0,3,91.323936,123.46557,26.676971,5.9737806,21.925457,249.99658,35.626953,45.79982,469.96881,1406.6029,129.21301
1990,MENA,999,0,0,999,57.876595,112.35712,22.335798,5.7596679,15.351606,255.61008,22.791708,41.215199,432.50964,1071.8848,91.749413
1990,MENA,999,0,1,1,67.696541,105.38025,23.746458,5.0996289,17.748453,219.80508,26.995489,45.806511,473.01108,1309.1769,94.493774
1990,MENA,999,0,1,2,84.951683,115.52828,27.945383,7.6685734,21.59576,252.01111,36.465225,48.09642,495.29932,1309.5874,127.88966
1990,MENA,999,0,1,3,132.46805,117.99445,34.858372,6.481225,28.383984,245.69235,52.151516,56.420441,543.84912,1837.3158,159.02948
1990,MENA,999,0,1,999,80.805214,110.1316,26.39653,6.0920901,20.229334,233.24182,32.983234,47.780453,488.45422,1370.6259,112.80293
1990,MENA,999,0,999,1,55.638927,106.4233,21.802801,4.9664502,14.943201,235.6393,22.091694,42.040207,437.26013,1130.3503,82.898911
1990,MENA,999,0,999,2,69.858788,118.03835,25.02845,7.3302202,18.185986,270.78482,28.360962,43.613083,459.1546,1116.1481,113.50893
1990,MENA,999,0,999,3,107.92543,121.258,29.978136,6.1785326,24.531448,248.25984,42.294552,50.085201,499.77924,1580.3939,141.24385
1990,MENA,999,0,999,999,65.155632,111.65059,23.624939,5.8652,16.900114,248.50891,26.027163,43.299435,450.27008,1166.7246,98.433159
1990,MENA,999,1,0,1,55.799934,173.94008,35.95174,8.9024448,17.893482,146.78282,19.266333,42.701454,451.83566,1068.6051,56.997929
1990,MENA,999,1,0,2,70.205292,191.68375,40.386566,12.901454,21.738932,169.58884,24.997042,44.116825,475.23416,1059.0652,78.241867
1990,MENA,999,1,0,3,100.06846,199.87498,45.893139,11.004994,28.617846,153.09482,35.794434,48.605515,503.00638,1434.2527,94.175758
1990,MENA,999,1,0,999,64.154182,182.05388,38.243011,10.446218,20.040419,155.15457,22.507385,43.640617,463.82709,1093.1375,67.178696
1990,MENA,999,1,1,1,74.035896,171.10231,41.025787,9.2491035,23.060129,133.51921,26.695208,48.300026,505.28622,1323.4214,68.799652
1990,MENA,999,1,1,2,93.153694,185.94023,47.372173,13.780725,28.036238,152.22461,36.741589,50.550381,529.05627,1332.527,92.775093
1990,MENA,999,1,1,3,143.65097,189.31656,60.759144,11.51427,36.885799,152.47472,53.490582,60.463158,579.8924,1882.8258,114.77679
1990,MENA,999,1,1,999,88.132339,178.06151,45.32996,11.00792,26.251883,141.84695,33.014874,50.400501,521.48462,1388.6355,81.88382
1990,MENA,999,1,999,1,61.369396,173.07339,37.501411,9.0083179,19.471434,142.73196,21.535194,44.41132,468.16006,1146.4288,60.602306
1990,MENA,999,1,999,2,77.206085,189.93159,42.517643,13.16969,23.66003,164.2916,28.579914,46.079491,491.6535,1142.4893,82.675468
1990,MENA,999,1,999,3,117.50732,195.65019,51.841541,11.208773,31.926138,152.84669,42.875271,53.350166,533.77112,1613.7422,102.41894
1990,MENA,999,1,999,999,71.672401,180.80208,40.465084,10.622336,21.987989,150.98203,25.80195,45.760139,481.90527,1185.7892,71.789406
1990,MENA,999,999,0,1,53.029545,140.49435,28.460394,6.9093962,15.795979,194.63847,19.581621,41.531342,436.58902,1059.5081,67.33091
1990,MENA,999,999,0,2,66.73114,156.08386,32.209362,10.092702,19.248489,223.37151,24.874098,42.888088,459.4288,1044.7379,92.404808
1990,MENA,999,999,0,3,95.61953,161.00034,36.116573,8.4452753,25.212975,202.39529,35.709225,47.178066,486.19794,1420.1853,112.00157
1990,MENA,999,999,0,999,61.035034,147.42361,30.33919,8.11761,17.710688,205.06793,22.648657,42.435497,448.26639,1082.5776,79.387154
1990,MENA,999,999,1,1,70.846695,138.03893,32.332924,7.1615906,20.387936,176.9278,26.846272,47.045589,489.04926,1316.2551,81.725815
1990,MENA,999,999,1,2,89.095253,151.09964,37.75959,10.756367,24.849421,201.60007,36.604843,49.336136,512.35297,1321.1763,110.15016
1990,MENA,999,999,1,3,137.92238,152.78091,47.491142,8.9360285,32.530636,200.22664,52.804626,58.392223,561.42877,1859.5127,137.4458
1990,MENA,999,999,1,999,84.45845,144.00085,35.836571,8.5430794,23.232122,187.67316,32.999012,49.086788,504.92288,1379.6053,97.386932
1990,MENA,999,999,999,1,58.503448,139.73999,29.650139,6.9868779,17.206751,189.1973,21.813515,43.225468,452.70624,1138.3876,71.75341
1990,MENA,999,999,999,2,73.590706,154.55508,33.911736,10.296262,20.966417,216.69373,28.472174,44.865845,475.66177,1129.5276,97.847694
1990,MENA,999,999,999,3,112.61891,157.69737,40.687439,8.6424847,28.153574,201.52382,42.579006,51.684471,516.42944,1596.7289,122.22633
1990,MENA,999,999,999,999,68.425079,146.34373,32.073601,8.2518444,19.45269,199.5799,25.914173,44.533966,466.14139,1176.2893,85.066048
1990,SSA,0,0,0,1,66.101799,92.896637,31.616621,17.758287,12.413,96.38649,17.271566,51.071899,440.6889,3212.6814,39.908413
1990,SSA,0,0,0,2,82.694733,103.90416,38.708874,16.02323,18.521524,130.01056,28.493471,55.4963,422.81735,3372.8501,62.621723
1990,SSA,0,0,0,3,94.766083,114.05647,40.984192,16.411116,22.265936,126.09296,39.734718,54.930115,467.69669,3836.469,86.073158
1990,SSA,0,0,0,999,72.19413,97.104866,33.996468,17.249489,14.601461,106.52634,21.631025,52.402203,438.62576,3298.4668,48.786354
1990,SSA,0,0,1,1,77.948914,92.693924,34.952831,24.423492,19.010233,242.27107,30.83588,57.954281,425.17032,3062.2061,59.143852
1990,SSA,0,0,1,2,96.44754,103.0332,47.63599,21.760689,29.196068,368.05353,46.052143,64.941017,412.53247,3416.9932,97.536659
1990,SSA,0,0,1,3,116.53595,115.73314,54.859032,25.977449,38.057182,354.03656,70.859161,65.576653,445.64816,3645.561,147.60387
1990,SSA,0,0,1,999,86.44323,97.582375,40.150299,23.88063,23.477009,285.62408,38.615192,60.497631,423.84702,3210.1313,77.574303
1990,SSA,0,0,999,1,69.155334,92.844391,32.476513,19.47621,14.113402,133.98749,20.767698,52.845798,436.68909,3173.8975,44.866249
1990,SSA,0,0,999,2,86.721565,103.64913,41.322739,17.703163,21.647041,199.70978,33.634666,58.261719,419.80591,3385.7749,72.844849
1990,SSA,0,0,999,3,101.59371,114.58232,45.335724,19.411381,27.218504,197.58235,49.496201,58.269161,460.78165,3776.595,105.37088
1990,SSA,0,0,999,999,76.052475,97.234161,35.662788,19.045057,17.004766,155.02209,26.229967,54.594269,434.62399,3274.5476,56.581501
1990,SSA,0,1,0,1,87.026352,134.87521,42.972351,20.124619,18.947201,102.68365,14.975228,52.273449,425.74124,3018.0603,30.377394
1990,SSA,0,1,0,2,108.93129,150.57774,53.411438,17.846531,28.659233,140.79439,24.43343,57.037251,408.27441,3207.019,47.940487
1990,SSA,0,1,0,3,125.16633,165.40997,56.400024,18.004108,34.581345,134.72452,34.005344,56.395458,451.30124,3631.916,66.423393
1990,SSA,0,1,0,999,95.268074,141.04173,46.515839,19.416855,22.498098,114.24617,18.741161,53.728218,423.6983,3112.2041,37.427757
1990,SSA,0,1,1,1,102.77589,134.57071,47.736149,26.801756,29.097233,258.6998,26.431025,59.512886,410.49179,2898.6396,45.533657
1990,SSA,0,1,1,2,127.51,149.09019,65.817055,23.208294,45.512337,397.22983,38.513638,67.086716,398.73154,3291.9939,76.354218
1990,SSA,0,1,1,3,154.41302,167.67885,75.715424,27.65028,59.759884,379.16827,59.644524,67.897583,430.67181,3495.1084,116.16498
1990,SSA,0,1,1,999,114.48411,141.72141,55.324772,25.930161,36.509274,307.51483,32.943966,62.360363,409.36789,3062.5176,60.747478
1990,SSA,0,1,999,1,91.190712,134.79471,44.231953,21.890129,21.630983,143.93607,18.004269,54.187641,421.70914,2986.4841,34.38488
1990,SSA,0,1,999,2,114.58694,150.12492,57.187904,19.478737,33.789585,218.85738,28.719667,60.09647,405.36945,3232.8867,56.590076
1990,SSA,0,1,999,3,134.58943,166.14099,62.623325,21.112045,42.693714,213.48277,42.266129,60.101372,444.65457,3587.8374,82.449821
1990,SSA,0,1,999,999,100.63206,141.23146,48.974777,21.234989,26.409197,168.19545,22.705751,56.137806,419.69809,3098.3345,43.937256
1990,SSA,0,999,0,1,75.065437,110.87937,36.481174,18.771975,15.212113,99.084061,16.287865,51.58662,434.28564,3129.3101,35.825531
1990,SSA,0,999,0,2,94.054756,124.11311,45.074856,16.812691,22.910997,134.67978,26.735533,56.163506,416.52048,3301.0476,56.264969
1990,SSA,0,999,0,3,108.1509,136.66673,47.77158,17.11249,27.688246,129.89333,37.212151,55.575287,460.478,3746.407,77.421631
1990,SSA,0,999,0,999,82.125114,116.01521,39.384781,18.18232,18.00016,109.84894,20.387232,52.972916,432.20099,3218.2996,43.897633
1990,SSA,0,999,1,1,88.794853,110.98825,40.537365,25.462463,23.416849,249.44814,28.911572,58.635174,418.75784,2990.7502,53.19809
1990,SSA,0,999,1,2,110.32154,123.60448,55.756531,22.407259,36.483704,381.08508,42.685085,65.899391,406.36832,3361.1626,88.075562
1990,SSA,0,999,1,3,133.58231,139.11101,64.245331,26.730297,47.824356,365.34695,65.81208,66.621178,438.90817,3577.8511,133.45499
1990,SSA,0,999,1,999,98.801186,117.03497,46.837872,24.783884,29.220484,295.27161,36.115818,61.318562,417.46588,3145.0762,70.158524
1990,SSA,0,999,999,1,78.643532,110.90775,37.53828,20.515617,17.350393,138.27124,19.577795,53.42358,430.23886,3093.1992,40.353085
1990,SSA,0,999,999,2,98.900261,123.9616,48.256687,18.479185,26.953999,208.07832,31.486544,59.063606,413.49637,3318.9546,65.740623
1990,SSA,0,999,999,3,116.22349,137.44261,53.000771,20.165428,34.079964,204.63235,46.290504,59.081535,453.63116,3692.9031,95.208054
1990,SSA,0,999,999,999,86.70105,116.29504,41.42992,19.993797,21.079031,160.72916,24.703176,55.262974,428.15768,3198.207,51.103657
1990,SSA,1,0,0,1,64.179886,91.133514,32.041264,17.298088,13.325224,91.509491,17.795542,50.584915,453.43756,3310.3667,39.531506
1990,SSA,1,0,0,2,79.552391,101.77404,38.79937,15.587603,20.010342,123.75806,29.331059,55.023113,432.93713,3473.6182,61.589645
1990,SSA,1,0,0,3,93.061096,111.2823,40.722321,15.763925,23.112682,119.88763,40.883514,54.56953,481.0376,3961.2878,85.522629
1990,SSA,1,0,0,999,70.005524,95.178162,34.290192,16.78042,15.643152,101.22687,22.277124,51.928413,450.80789,3398.9893,48.244377
1990,SSA,1,0,1,1,76.376846,90.785439,35.090542,23.859274,20.367613,230.25516,31.69375,57.533546,436.57346,3154.2222,58.950871
1990,SSA,1,0,1,2,93.996811,100.83241,47.4673,21.019085,31.220819,350.9614,47.295143,64.533989,418.12234,3521.1143,96.315941
1990,SSA,1,0,1,3,114.68719,113.00778,54.427738,25.190842,39.698055,337.17999,72.898552,65.191559,452.81604,3769.0527,146.24292
1990,SSA,1,0,1,999,84.62175,95.522865,40.156971,23.248947,25.037619,271.84805,39.691383,60.085228,433.33536,3308.3928,77.014366
1990,SSA,1,0,999,1,67.322495,91.043831,32.826927,18.988611,15.13973,127.25801,21.376484,52.375263,449.09244,3270.1353,44.535
1990,SSA,1,0,999,2,83.781738,101.49832,41.337349,17.177946,23.292784,190.28349,34.590965,57.807907,428.5993,3487.5249,71.757545
1990,SSA,1,0,999,3,99.846588,111.8237,45.022587,18.721752,28.316576,188.06615,50.92868,57.90234,472.18271,3900.9714,104.57447
1990,SSA,1,0,999,999,73.962601,95.271484,35.878517,18.531658,18.186535,147.41948,26.991722,54.136726,446.07755,3374.4622,56.033333
1990,SSA,1,1,0,1,85.301605,132.69077,43.628139,20.04348,20.860447,96.44339,15.527055,51.870296,436.48221,3110.8374,30.346148
1990,SSA,1,1,0,2,105.36098,147.70105,53.489109,17.60564,31.346624,132.69075,25.180756,56.594143,417.29208,3307.8154,47.606487
1990,SSA,1,1,0,3,123.42513,161.82117,56.062862,17.796923,36.302921,126.67989,34.984535,56.136604,464.37189,3750.918,66.781929
1990,SSA,1,1,0,999,93.069107,138.55162,46.939369,19.29143,24.560108,107.37066,19.354507,53.320572,434.22751,3208.4824,37.321884
1990,SSA,1,1,1,1,101.77639,132.32872,48.249905,26.934935,32.055054,243.06013,27.411179,59.143623,419.87115,2993.1057,45.937222
1990,SSA,1,1,1,2,124.87027,146.07765,65.917305,22.74836,49.402,375.27856,39.601715,66.74469,401.81882,3409.4404,76.330551
1990,SSA,1,1,1,3,152.45534,164.04813,75.449821,26.945492,63.158554,359.00571,61.127151,67.615211,436.70953,3617.4031,116.64738
1990,SSA,1,1,1,999,112.9445,139.1313,55.644993,25.82353,39.752556,289.70468,33.997898,62.004471,416.74609,3165.7168,61.033707
1990,SSA,1,1,999,1,89.633163,132.59557,44.843296,21.855385,23.803741,134.99197,18.651638,53.782604,432.11478,3079.8831,34.445362
1990,SSA,1,1,999,2,111.28802,147.20786,57.264866,19.168028,36.831955,206.39037,29.56193,59.67794,412.59122,3338.6897,56.333031
1990,SSA,1,1,999,3,132.77609,162.53848,62.307625,20.743782,44.95343,201.51474,43.405376,59.833996,455.46152,3707.9111,82.84417
1990,SSA,1,1,999,999,98.593063,138.71272,49.358921,21.106895,28.782545,158.04675,23.424345,55.734085,429.36887,3196.5964,43.912109
1990,SSA,1,999,0,1,73.540703,109.55104,37.176388,18.514803,16.664719,93.696114,16.790182,51.154575,445.92319,3221.9382,35.460693
1990,SSA,1,999,0,2,91.068375,122.26701,45.354038,16.488066,25.068674,127.74388,27.47916,55.724117,425.95615,3399.6355,55.350254
1990,SSA,1,999,0,3,106.81891,134.18124,47.673054,16.685068,29.089123,122.96518,38.210712,55.279564,473.48645,3865.9702,77.031296
1990,SSA,1,999,0,999,80.261276,114.46516,39.914936,17.896999,19.608282,103.95885,20.977516,52.54747,443.43506,3314.2761,43.38744
1990,SSA,1,999,1,1,87.805206,109.47758,41.011513,25.243147,25.626303,236.01666,29.766832,58.257988,429.05835,3081.7288,53.095459
1990,SSA,1,999,1,2,108.17495,121.61055,55.940166,21.813227,39.570232,362.12866,43.762062,65.549217,410.63522,3469.8301,87.137978
1990,SSA,1,999,1,3,132.16068,136.62166,64.153633,26.002632,50.552086,347.27768,67.452499,66.312866,445.36435,3698.8918,132.55051
1990,SSA,1,999,1,999,97.469482,115.30448,47.182632,24.416826,31.712595,279.94815,37.108707,60.95583,425.81015,3243.6721,69.765228
1990,SSA,1,999,999,1,77.249451,109.53194,38.173512,20.264158,18.994713,130.69917,20.164085,53.00145,441.53836,3185.4841,40.045696
1990,SSA,1,999,999,2,96.161934,122.07155,48.506104,18.073654,29.386576,197.53297,32.327465,58.649582,421.39429,3420.5361,64.815186
1990,SSA,1,999,999,3,114.86673,134.95625,52.906815,19.64406,35.905148,194.20045,47.497074,58.783428,464.55566,3812.9106,94.662621
1990,SSA,1,999,999,999,84.975471,114.69509,41.905926,19.683107,22.924263,152.17119,25.396664,54.850941,438.60669,3294.9341,50.613647
1990,SSA,999,0,0,1,65.147278,92.020973,31.82752,17.529728,12.866058,93.96431,17.531799,50.830036,447.02054,3261.197,39.721218
1990,SSA,999,0,0,2,81.133949,102.84615,38.753822,15.806856,19.261011,126.90498,28.909496,55.261272,427.84378,3422.9009,62.109097
1990,SSA,999,0,0,3,93.919228,112.67856,40.854122,16.089659,22.68651,123.0108,40.305321,54.751015,474.32306,3898.4658,85.799713
1990,SSA,999,0,0,999,71.107124,96.147942,34.142349,17.01652,15.118834,103.89428,21.951921,52.166889,444.67624,3348.3931,48.517174
1990,SSA,999,0,1,1,77.168327,91.746292,35.02121,24.143337,19.684219,236.30473,31.261843,57.745369,430.83237,3107.8953,59.048031
1990,SSA,999,0,1,2,95.230278,101.94008,47.552204,21.392338,30.201752,359.56396,46.669537,64.738846,415.30893,3468.7097,96.930336
1990,SSA,999,0,1,3,115.61739,114.37904,54.644741,25.58662,38.872456,345.66132,71.872437,65.385315,449.20953,3706.9182,146.92767
1990,SSA,999,0,1,999,85.538673,96.559608,40.153614,23.566933,24.25202,278.78281,39.149639,60.292831,428.55899,3258.9287,77.296234
1990,SSA,999,0,999,1,68.24511,91.950188,32.650536,19.234056,14.6231,130.64548,21.070036,52.612122,442.84888,3221.6912,44.701744
1990,SSA,999,0,999,2,85.261375,102.58084,41.329998,17.442291,22.464472,195.0278,34.109657,58.036316,424.17355,3436.3137,72.304794
1990,SSA,999,0,999,3,100.72585,113.21199,45.180176,19.068811,27.763968,192.85522,50.207779,58.086948,466.4451,3838.3787,104.97527
1990,SSA,999,0,999,999,75.014542,96.259399,35.769932,18.790077,17.59169,151.24625,26.608292,54.367027,440.31241,3324.1702,56.309254
1990,SSA,999,1,0,1,86.143791,133.75743,43.307922,20.083099,19.926222,99.490471,15.257602,52.067158,431.23746,3065.5349,30.361406
1990,SSA,999,1,0,2,107.11003,149.11032,53.451057,17.72365,30.030104,136.66063,24.81465,56.811218,412.87445,3258.4365,47.770111
1990,SSA,999,1,0,3,124.27892,163.58093,56.228188,17.898516,35.458748,130.62457,34.504391,56.263535,457.96271,3692.5654,66.606117
1990,SSA,999,1,0,999,94.144035,139.76888,46.732334,19.352743,23.552126,110.73164,19.054684,53.519844,429.08047,3161.4182,37.373638
1990,SSA,999,1,1,1,102.26637,133.42776,47.998055,26.86965,30.605093,250.72691,26.930696,59.324642,415.27328,2946.7974,45.739391
1990,SSA,999,1,1,2,126.16535,147.55562,65.868118,22.974007,47.493702,386.04803,39.067898,66.912491,400.30417,3351.8203,76.342163
1990,SSA,999,1,1,3,153.41548,165.8288,75.580086,27.291151,61.491707,368.89429,60.400009,67.7537,433.74838,3557.4248,116.4108
1990,SSA,999,1,1,999,113.69942,140.40134,55.487976,25.875814,38.162243,298.43771,33.481113,62.178978,413.12827,3115.114,60.893356
1990,SSA,999,1,999,1,90.394493,133.6705,44.544472,21.872368,22.741697,139.36385,18.335203,53.980587,427.0285,3034.2297,34.415798
1990,SSA,999,1,999,2,112.90485,148.63753,57.22715,19.320309,35.34087,212.50055,29.149132,59.883068,409.05179,3286.8352,56.459011
1990,SSA,999,1,999,3,133.66531,164.30508,62.46244,20.924372,43.845314,207.38362,42.846714,59.965111,450.16202,3649.0295,82.650795
1990,SSA,999,1,999,999,99.590652,139.94502,49.170979,21.169565,27.621376,163.01204,23.072771,55.931606,424.63742,3148.5215,43.924412
1990,SSA,999,999,0,1,74.298172,110.21095,36.831017,18.642563,15.943084,96.37278,16.540638,51.369213,440.14185,3175.9219,35.641941
1990,SSA,999,999,0,2,92.553825,123.18527,45.215172,16.649536,23.99543,131.19385,27.109276,55.942673,421.26279,3350.5972,55.805237
1990,SSA,999,999,0,3,107.4816,135.41782,47.722069,16.897717,28.392162,126.41205,37.713913,55.426693,467.01453,3806.4854,77.225494
1990,SSA,999,999,0,999,81.187584,115.23552,39.651455,18.038799,18.809061,106.88616,20.684153,52.758911,437.85184,3266.5769,43.641003
1990,SSA,999,999,1,1,88.297646,110.22927,40.775581,25.352276,24.526905,242.70001,29.341265,58.445671,423.93292,3036.459,53.146526
1990,SSA,999,999,1,2,109.24299,122.60263,55.848797,22.108789,38.034515,371.56049,43.226208,65.723442,408.51221,3415.762,87.604469
1990,SSA,999,999,1,3,132.86772,137.85973,64.199242,26.364536,49.195454,356.2644,66.636642,66.466202,442.15338,3638.6924,133.00035
1990,SSA,999,999,1,999,98.13208,116.1655,47.011097,24.599459,30.472631,287.57245,36.614689,61.136311,421.65842,3194.6152,69.960915
1990,SSA,999,999,999,1,77.942307,110.21571,37.857807,20.389133,18.177494,134.46246,19.872704,53.21125,435.92261,3139.6191,40.198471
1990,SSA,999,999,999,2,97.524117,123.01176,48.38203,18.275387,28.176489,202.77878,31.909147,58.855537,417.46545,3370.0044,65.275543
1990,SSA,999,999,999,3,115.54166,136.19312,52.953552,19.903421,34.997185,199.38992,46.896847,58.931721,459.12109,3753.2112,94.933952
1990,SSA,999,999,999,999,85.833336,115.4905,41.669281,19.837566,22.006916,156.42574,25.051901,55.055782,433.41202,3246.8467,50.857254
